,track_uri,artist_uri,genres
0,5SifNhmUO8iSEoWFQU8kxH,1W7FNibLa0O0b572tB2w7t,['bedroom soul']
1,51CWs8Gipl0UqDGNA5xekm,6RKnXXyprPjhBdCvL802Ku,"['k-pop', 'k-pop girl group', 'k-pop reality show']"
2,2oLLOxkJWJj9BbrsTc4Xql,1z4g3DjTBBZKhvAroFlhOM,"['k-pop', 'k-pop girl group']"
3,2k5PT7lJxuJ1prVA5R3C5x,0u6eb1GGNOFsAuA4znLlRV,['korean superband']
4,0tdMBJmUaobBXpttiycchZ,0fwfMuz3AmWRy2pyM5fDRo,"['k-pop', 'korean pop']"
5,6DefzsWqnwrFrmNVnJxWkS,1ZChN8G1Y7CJ0TXbrvblwS,"['pakistani pop', 'sufi']"
6,60zxdAqWtdDu0vYsbXViA7,7n2Ycct7Beij7Dj7meI4X0,"['k-pop', 'k-pop girl group', 'pop']"
7,3rWDp9tBPQR9z6U5YyRSK4,06HL4z0CvFAxyc27GXpf02,['pop']
8,0TxSk5fpK01cBLV9ePqcE6,5na1LmEmK2VzNLje9snJYW,"['k-pop', 'k-pop boy group']"
9,6S6B7Tst3Gn7FGfiY0oUH4,7n2wHs1TKAczGzO7Dd2rGr,"['canadian pop', 'pop', 'viral pop']"
10,4clY5A2sGpM1F68aid5LVN,4fgfmrBHIWsUuHxeOPhv61,['korean pop']
11,1UTTbArdZ8Z7cBaAbDBAjK,4xnihxcoXWK3UqryOSnbw5,['alt z']
12,5hQSXkFgbxjZo9uCwd11so,06HL4z0CvFAxyc27GXpf02,['pop']
13,3v5o91PrUtf0nmO6j8J7dZ,0LOK81e9H5lr61HlGGHqwA,['k-pop girl group']
14,6L4F4btXioJPhEwz6T7YYt,4rTv3Ejc7hKMtmoBOK1B4T,['canadian hip hop']
15,67co9ZN8NRGnB7tiaF8yen,4kYSro6naA4h99UJvo89HB,"['pop', 'rap']"
16,23EXCgTa99RN6b3KwtkodK,7nqOGRxlXj7N2JYbgNEjYH,"['k-pop', 'k-pop boy group']"
17,6nat4Z7iRKWVk1qngQqI0Q,7n2wHs1TKAczGzO7Dd2rGr,"['canadian pop', 'pop', 'viral pop']"
18,4h5x3XHLVYFJaItKuO2rhy,7tYKF4w9nC0nq9CsPZTHyP,"['pop', 'r&b', 'rap']"
19,2KnLkZ3z7PO3kgVGHGqDpD,7n2wHs1TKAczGzO7Dd2rGr,"['canadian pop', 'pop', 'viral pop']"
20,57sk9X1fPLXRfkw74XNrmK,7k73EtZwoPs516ZxE72KsO,"['j-pop', 'j-rock', 'japanese emo']"
21,3dvPPS5KXskeRbrSY80gwt,2l9aF9jOgB7GI1uyNkx836,"['k-pop', 'korean ost']"
22,4pvb0WLRcMtbPGmtejJJ6y,06HL4z0CvFAxyc27GXpf02,['pop']
23,4koDrJbYxIlcDY4gu2a4I8,4TnGh5PKbSjpYqpIdlW5nz,"['k-pop', 'k-pop boy group']"
24,6SRsiMl7w1USE4mFqrOhHC,1McMsnEElThX1knmY4oliG,['pop']
25,6weZUHvzzpeqD1HeBRZQJ4,2hcsKca6hCfFMwwdbFvenJ,"['k-pop', 'k-pop boy group']"
26,38L75iLo6muLlApdRHwCGO,1EevBGfUh3RSQSGpluxgBm,"['american folk revival', 'folk', 'folk rock', 'singer-songwriter']"
27,1ugQtcwmKOXvKAYzhjncmv,3QSQFmccmX81fWCUSPTS7y,"['australian pop', 'singer-songwriter pop']"
28,55qqNyvwWUn1A3ItPVUOoo,2dIgFjalVxs4ThymZ67YCE,"['k-pop', 'k-pop boy group', 'pop']"
29,73TM9iCEp8VtKZNXZADbQb,1gBUSTR3TyDdTVFIaQnc02,"['k-pop', 'k-pop boy group']"
30,3AuVZyDw1VhjjLfHZR4ba3,1EevBGfUh3RSQSGpluxgBm,"['american folk revival', 'folk', 'folk rock', 'singer-songwriter']"
31,2TxCwUlqaOH3TIyJqGgR91,0LcJLqbBmaGUft1e9Mm8HV,"['europop', 'swedish pop']"
32,5HaYRuf3zAfCb8RSO9LLea,70DFixYAFPv4Pf9kgSfR9O,[]
33,3Y7MHz19qCg1Pkxridtu1k,06HL4z0CvFAxyc27GXpf02,['pop']
34,6gESAvKwozY2QAQvq7n3RY,1wsoV3RXPkxVz3PwsNRI5K,['k-rap']
35,4aceMabp5rzZYoKKXsUffr,5TnQc2N1iKlFjYD7CPGvFc,"['k-pop', 'k-pop boy group']"
36,630sXRhIcfwr2e4RdNtjKN,6U1dBXJhC8gXFjamvFTmHg,"['hollywood', 'movie tunes', 'post-teen pop']"
37,1almCHdsfikRPfVB9VrEdT,58MLl9nC29IXbE4nEtuoP2,"['pop', 'post-teen pop']"
38,1G66wcWX7s5YH0Wh5S7Hyc,4sbcjbyksdT4dJ5Lh0SvZp,"['classical', 'impressionism', 'post-romantic era']"
39,2zlgwqw8BLX2JGB76LIFeF,2hcsKca6hCfFMwwdbFvenJ,"['k-pop', 'k-pop boy group']"
40,4Of7rzpRpV1mWRbhp5rAqG,4GNC7GD6oZMSxPGyXy4MNB,"['pop', 'uk pop']"
41,7iAqvWLgZzXvH38lA06QZg,1dfeR4HaWDbWqFHLkxsg1d,"['classic rock', 'glam rock', 'rock']"
42,2Oj5hRhkJH00VGzjBdQNq3,1z4g3DjTBBZKhvAroFlhOM,"['k-pop', 'k-pop girl group']"
43,6fTt0CH2t0mdeB2N9XFG5r,7jVv8c5Fj3E9VhNjxT4snq,['lgbtq+ hip hop']
44,5ZQFP6rsYhNaFuQNaoTzgV,7nqOGRxlXj7N2JYbgNEjYH,"['k-pop', 'k-pop boy group']"
45,7lPN2DXiMsVn7XUKtOW1CS,1McMsnEElThX1knmY4oliG,['pop']
46,6RTF5urAOB5C52nLxeRK5h,1z4g3DjTBBZKhvAroFlhOM,"['k-pop', 'k-pop girl group']"
47,3kHTeY85lTphKnBVXdX1Tz,68KmkJeZGfwe1OUaivBa2L,"['k-pop', 'k-pop boy group']"
48,3P3UA61WRQqwCXaoFOTENd,3HqSLMAZ3g3d5poNaI7GOU,"['k-pop', 'pop']"
49,0HaRLPnr887lcQM2YQzkff,3wcj11K77LjEY1PkEazffa,"['afrobeats', 'dancehall', 'nigerian hip hop', 'nigerian pop']"
50,22ryCgQttpV7oCrn7llGRu,3Nrfpe0tUJi4K4DXYWgMUX,"['k-pop', 'k-pop boy group', 'pop']"
51,3ZCTVFBt2Brf31RLEnCkWJ,6qqNVTkY8uBg9cP3Jd7DAH,"['art pop', 'electropop', 'pop']"
52,2kyVQg00pphEufGT59M2XH,1eEfMU2AhEo7XnKgL7c304,"['adult standards', 'mellow gold', 'soft rock']"
53,0BiJCg7FLwWGTYLEsnaHcz,3qNVuliS40BLgXGxhdBdqu,['k-pop']
54,7BpqydHSxMviDR0DNTne6J,4Uc8Dsxct0oMqx0P6i60ea,"['bedroom pop', 'pop', 'pov: indie']"
55,4mQMvcRtQou5yI8mjuJ1lf,1kfWoWgCugPkyxQP8lkRlY,['k-pop']
56,7ILEWkpfdK6AjH2D7jppWk,7bXgB6jMjp9ATFy66eO08Z,"['r&b', 'rap']"
57,0LqCvXVNvcnkq78sCQsoO0,3pc0bOVB5whxmD50W79wwO,['chill r&b']
58,6IF2P93LkyW4GqDQu1yS7H,6zDFhpdu4WUVVGTz0JSLMh,"['acoustic pop', 'oth indie']"
59,39HrUxcvKF3jtLz7fUDWXc,7lbSsjYACZHn1MSDXPxNF2,"['anime', 'classic j-pop', 'j-pop', 'japanese singer-songwriter']"
60,1MmSeZ1Q4yd3LoZv7RXmWe,7nqOGRxlXj7N2JYbgNEjYH,"['k-pop', 'k-pop boy group']"
61,3JaMGQXJmtbAhvgl0nBPPN,0Sadg1vgvaPqGTOjxu0N6c,"['k-pop', 'k-pop girl group']"
62,4TPXKIuXg411bVMZPZdYZl,2hcsKca6hCfFMwwdbFvenJ,"['k-pop', 'k-pop boy group']"
63,26wLOs3ZuHJa2Ihhx6QIE6,5Rl15oVamLq7FbSb0NNBNy,"['boy band', 'pop']"
64,27r2uANqwK7XbsiAZnzf9e,45dkTj5sMRSjrmBSBeiHym,"['alt z', 'pop']"
65,2xj3BQ7AzGTwUWaroRTVCx,2jnIB6XdLvnJUeNTy5A0J2,"['boy band', 'pop']"
66,2i1Obkaku5RnCjxDIk7DzI,5na1LmEmK2VzNLje9snJYW,"['k-pop', 'k-pop boy group']"
67,4s0dJmVknlUl7V6oK3puzZ,5TnQc2N1iKlFjYD7CPGvFc,"['k-pop', 'k-pop boy group']"
68,4waCie3uzBtvA4wk0X9LHU,6Uug3azJYNwnLkO82CTTY2,['korean pop']
69,3YuaBvuZqcwN3CEAyyoaei,2ziB7fzrXBoh1HUPS6sVFn,"['alternative metal', 'alternative rock', 'grunge', 'hard rock', 'nu metal', 'permanent wave', 'post-grunge', 'rock', 'supergroup']"
70,7oQh96s9YemWG3A4zkIbrU,6MoXcK2GyGg7FIyxPU5yW6,['k-pop']
71,7xpraKSakDJ6WWgjQEtvgT,3ao3jf5d70Tf4fPh2bnXVl,"['neon pop punk', 'piano rock', 'pop punk']"
72,2r1T6xGTVaNAqBoPH4lZEE,77AiFEVeAVj2ORpC85QVJs,"['edm', 'electro house', 'pop dance']"
73,1sTtlEZeVeeEnxEztJNkYN,3gIRvgZssIb9aiirIg0nI3,"['alt z', 'electropop', 'pop']"
74,3NxuezMdSLgt4OwHzBoUhL,72nLe76yBFSlP6VBzME358,['k-pop']
75,01Dc5vTMc9axpkvDUy0yiD,5sXaGoRLSpd7VeyZrLkKwt,"['indie folk', 'pop folk', 'stomp and flutter', 'stomp and holler']"
76,68kHuoBxtNcWZWxBu1V007,7nqOGRxlXj7N2JYbgNEjYH,"['k-pop', 'k-pop boy group']"
77,1Bsn3jSsYPVlzpHO3p1j7q,6f0OZUaCvSTfnaZ4zbpniy,['assamese pop']
78,1UbXXZMnlsyfZ5ziKNxJ7y,1sgkTCF42JGJUIaBP68n6H,['classic korean pop']
79,7AvXrOVEVRcfXxme2wo6Im,1z4g3DjTBBZKhvAroFlhOM,"['k-pop', 'k-pop girl group']"
80,1vfhrect7qjfgjb9BG2BeZ,1BhWF9W2PngtPSyobKg0rP,"['dance pop', 'pop', 'post-teen pop']"
81,4d5nIJDm92XcbBHVXxjpWI,3Nrfpe0tUJi4K4DXYWgMUX,"['k-pop', 'k-pop boy group', 'pop']"
82,3omvXShuRPM3zbDpWYqf5g,7n2Ycct7Beij7Dj7meI4X0,"['k-pop', 'k-pop girl group', 'pop']"
83,4OBZT9EnhYIV17t4pGw7ig,20wkVLutqVOYrc0kxFs7rA,['canadian contemporary r&b']
84,7dlNGfd6Fq8xcFb4K6Glws,3Nrfpe0tUJi4K4DXYWgMUX,"['k-pop', 'k-pop boy group', 'pop']"
85,6lWicdbY0xMkeLxYeswFxL,4DqFd6XE3dX4LWXHJVVpLk,[]
86,01aVuBzov1TL2iCNhwkguC,7nqOGRxlXj7N2JYbgNEjYH,"['k-pop', 'k-pop boy group']"
87,5p0ietGkLNEqx1Z7ijkw5g,5Z1CCuBsyhEHngq3U5IraY,['boy band']
88,2Ghu1DdMwxS3VAyB7i38Wo,2CQZr2RPZmrcvDnaod1ldC,['k-pop']
89,2rbDhOo9Fh61Bbu23T2qCk,1HY2Jd0NmPuamShAr6KMms,"['art pop', 'dance pop', 'pop']"
90,1MAXdOA4Dtz6eJMz0nEq2H,5Rl15oVamLq7FbSb0NNBNy,"['boy band', 'pop']"
91,3Brp8KXSRPlvB1SqKQf7Qz,2hcsKca6hCfFMwwdbFvenJ,"['k-pop', 'k-pop boy group']"
92,6kKC35sKUh2FUx4M0qAL44,4ufh0WuMZh6y4Dmdnklvdl,['k-pop']
93,6jDpNY9UT7L4ZruWx78tAQ,7k73EtZwoPs516ZxE72KsO,"['j-pop', 'j-rock', 'japanese emo']"
94,0HFa5Rr2x5iwqIvGTMqif6,1z4g3DjTBBZKhvAroFlhOM,"['k-pop', 'k-pop girl group']"
95,0KqEwy3JfnY6ePwdXtCAfz,6So94AgQzV91d8k5xWb6wU,['nepali indie']
96,0mQCnP1xe84IkrxUZlmlU4,3zDRCqOhJXJfS2YWOEwGMC,['danish pop']
97,0z61b7EngKaghmnCqzpXsp,7nqOGRxlXj7N2JYbgNEjYH,"['k-pop', 'k-pop boy group']"
98,2DQGzUsZdL54wK0Mz9BYGP,2hcsKca6hCfFMwwdbFvenJ,"['k-pop', 'k-pop boy group']"
99,4O0sGJdqpHMaWz7KoVd7tb,1EevBGfUh3RSQSGpluxgBm,"['american folk revival', 'folk', 'folk rock', 'singer-songwriter']"
100,66dUJM4UG2GSYD1DBFtMlX,7nqOGRxlXj7N2JYbgNEjYH,"['k-pop', 'k-pop boy group']"
101,3CRtbOoAP82y0VbPO5j1ft,4xnihxcoXWK3UqryOSnbw5,['alt z']
102,5SqEWwdYt55W8Tz7j8WtwQ,0Vb2DjojEYsasFpc3aTZb6,['korean ost']
103,5QGooKayQPVZMUDc8Qt3Dm,7nqOGRxlXj7N2JYbgNEjYH,"['k-pop', 'k-pop boy group']"
104,77IZ5gbHrUR6lp9gE9QqYb,4Kxlr1PRlDKEB0ekOCyHgX,"['k-pop', 'k-pop boy group']"
105,2mdEsXPu8ZmkHRRtAdC09e,00FQb4jTyendYWaN8pK0wa,"['art pop', 'pop']"
106,1HYzRuWjmS9LXCkdVHi25K,6jV25rzTKQ2zMgrqHha1V5,['k-pop']
107,4TBtGrMgUYH7D5Tf5HLvyz,7oEWmZ9dKlAVxTgmjUbYr4,['kaneka']
108,1258tSoXDDa43uqT75r5N0,3BmGtnKgCSGYIUhmivXKWX,"['dance pop', 'pop', 'talent show']"
109,1Z8TPHiKeCUyClxV6WTTIf,0ghlgldX5Dd6720Q3qFyQB,"['k-pop', 'k-pop boy group']"
110,1tF7RL54zjHSy0N2qEQLDY,4tuJ0bMpJh08umKkEXKUI5,['alt z']
111,3WUyu94psXrYV6HZbXgcFA,6iVo62B0bdTknRcrktCmak,['k-pop']
112,4Y5gx8VuShNmakYGlnrUzD,2WxjxdeF7GGdcCK276qViY,[]
113,5u6CQi2rgD1EyiztQnrrwY,2CQZr2RPZmrcvDnaod1ldC,['k-pop']
114,6yxMtyaZpwPKSHCBY3vFtq,5TnQc2N1iKlFjYD7CPGvFc,"['k-pop', 'k-pop boy group']"
115,0yc6Gst2xkRu0eMLeRMGCX,1QAJqy2dA3ihHBFIHRphZj,"['ambient pop', 'dream pop', 'el paso indie', 'shoegaze']"
116,6IG7m4GoppVTn9LcuVkEbe,7qG3b048QCHVRO5Pv1T5lw,"['dance pop', 'latin pop', 'mexican pop']"
117,6ptXPYWYpZMTnstxz5WvT4,7k73EtZwoPs516ZxE72KsO,"['j-pop', 'j-rock', 'japanese emo']"
118,18OjYSOz2ryc2vLmAeG2de,1z4g3DjTBBZKhvAroFlhOM,"['k-pop', 'k-pop girl group']"
119,4d1CG5ei1E2vGbvmgf5KKv,06HL4z0CvFAxyc27GXpf02,['pop']
120,2QDnRMFfnes9DUWc6HgixI,1vnIL4DMlivP55ioM6KitW,"['adult standards', 'mellow gold', 'native american', 'singer-songwriter', 'soft rock']"
121,3EludUFeAoJAwSixWGG5Wg,24CgJHK6T7C5OmUbiLLMjJ,"['pop r&b', 'st louis rap']"
122,5ooilrQAnOJbUjq7IDm8lY,4IWBUUAFIplrNtaOHcJPRM,"['pop', 'talent show', 'uk pop']"
123,3Y8EsAwWnS9OaKQtMBNPAK,1rp5HzWaNwgauM5W5YmZ3U,['korean talent show']
124,4FObSSNE4O4dgzD4iHFprW,6OwKE9Ez6ALxpTaKcT5ayv,['k-pop']
125,2iW0q5jJJT5HKlIs25AAgv,7nqOGRxlXj7N2JYbgNEjYH,"['k-pop', 'k-pop boy group']"
126,4rnvC8St4YDHGuQdBEByRz,7nqOGRxlXj7N2JYbgNEjYH,"['k-pop', 'k-pop boy group']"
127,7wDVvxMUdW5MtJUqFtuXUz,2PSJ6YriU7JsFucxACpU7Y,['k-pop']
128,6Ln89sczgIcAJXGAIdS94R,4gdMJYnopf2nEUcanAwstx,"['hindi indie', 'indian indie', 'indian singer-songwriter']"
129,21AziTMaZwcLflGMAj85o5,5JZ7CnR6gTvEMKX4g70Amv,['pop']
130,3qqho4PnTn3zlMPBzWhFFD,3Yl4nkmEa8BSuGWbwhdLDq,"['girl group', 'post-teen pop', 'talent show']"
131,5NIjdxrVUW4GGyLIqXUw9K,1z4g3DjTBBZKhvAroFlhOM,"['k-pop', 'k-pop girl group']"
132,26FtmKIJLcR0DXSClagzs6,4eh2JeBpQaScfHKKXZh5vO,['korean superband']
133,6D2tzc8kRnZb7P1lNwMBLH,5pKCCKE2ajJHZ9KAiaK11H,"['barbadian pop', 'pop', 'urban contemporary']"
134,7GXG38022Aw5g67p1HTpOp,4ArPQ1Opcksbbf3CPwEjWE,['social media pop']
135,4sOX1nhpKwFWPvoMMExi3q,6CwfuxIqcltXDGjfZsMd9A,"['metropopolis', 'pop', 'pov: indie', 'uk alternative pop']"
136,3gsCAGsWr6pUm1Vy7CPPob,0W498bDDNlJIrYMKXdpLHA,"['adult standards', 'disco', 'quiet storm', 'soft rock', 'soul', 'vocal jazz']"
137,5I9sHwLDX28tLtzVgKLtpr,49e4v89VmlDcFCMyDv9wQ9,"['adult standards', 'easy listening', 'lounge', 'vocal jazz']"
138,4GJAd1nBylAEbw1dZDVzEQ,3hyEbRtp617pNCuuQjyOmc,"['pop dance', 'pop edm']"
139,6SL8U8TtdwOtGhbmGzsMfX,26VFTg2z8YR0cCuwLzESi2,"['electropop', 'etherpop', 'indie poptimism', 'pop']"
140,7m9OqQk4RVRkw9JJdeAw96,15UsOTVnJzReFVN1VCnxy4,"['emo rap', 'miami hip hop']"
141,1J5Vc7uzVstxzSt1A6LGzW,7okSU80WTrn4LXlyXYbX3P,"['alt z', 'gen z singer-songwriter']"
142,7r4dwgu3hzR60pVulZ9IP9,2wY79sveU1sp5g7SokKOiI,"['pop', 'uk pop']"
143,5eiCYAQ7K7pob2Ev9nfBXO,6uAlmplr9znkwaYj3ysgLd,[]
144,7aiClxsDWFRQ0Kzk5KI5ku,2cFrymmkijnjDg9SS92EPM,['pop']
145,0AH6WMe3OlAlUb5miXt2FQ,5pKCCKE2ajJHZ9KAiaK11H,"['barbadian pop', 'pop', 'urban contemporary']"
146,6kX452oUUNojKWNNuc1nqx,3Nrfpe0tUJi4K4DXYWgMUX,"['k-pop', 'k-pop boy group', 'pop']"
147,2jB5EAMx9D5WeTbQyI8TWM,2hcsKca6hCfFMwwdbFvenJ,"['k-pop', 'k-pop boy group']"
148,14hJ5tc1VCFMWhVn9axRTC,7n2wHs1TKAczGzO7Dd2rGr,"['canadian pop', 'pop', 'viral pop']"
149,5OeFwHm8XB1ykVRW6zzVDI,64NYWpxh4HgzMb1SwCCjMw,['teen pop']
150,2CHk9VD0glOknemRMFEQfH,0sYpJ0nCC8AlDrZFeAA7ub,['k-pop']
151,5sVeJMHMfCWf2H6g66KQXz,5dCvSnVduaFleCnyy98JMo,"['k-pop', 'korean pop', 'korean r&b']"
152,1fMXWEkJpIH483OrKn1zFV,41MozSoPIsD1dJM0CLPjZF,"['k-pop', 'k-pop girl group', 'pop']"
153,4oxYCfnkQ866A0zSqFYhos,4tlEMWIEph0G9QsmLH6xKi,[]
154,6ZizEG2wtzeHrgKEv1eBmD,3Cv2vi3WTl8VZOTdrBkKdM,"['k-pop', 'k-pop girl group']"
155,782QoB4jJ7hEVJmkYzVrRE,1z4g3DjTBBZKhvAroFlhOM,"['k-pop', 'k-pop girl group']"
156,4FCb4CUbFCMNRkI6lYc1zI,4iHNK0tOyZPYnBU7nGAgpQ,"['dance pop', 'pop', 'urban contemporary']"
157,19At6LETZAtcLsU8CzHdOw,2Ls6NaK9OMltk9EYI3UPcw,[]
158,7wTqEW5nrMhvyEhEyTnOMd,4Uc8Dsxct0oMqx0P6i60ea,"['bedroom pop', 'pop', 'pov: indie']"
159,55ZcA6PazdlXjE1jO5GrzJ,26VFTg2z8YR0cCuwLzESi2,"['electropop', 'etherpop', 'indie poptimism', 'pop']"
160,5qbWgH6xs6CUkua6tG2BNP,4owATw6JCMuUxeWdh3eiyg,"['lo-fi chill', 'sad lo-fi']"
161,7kTKAdVVlDxve6Qr7Hm7Qc,1BEohdSWSBggmO979tzRwW,"['k-pop', 'k-pop girl group']"
162,3wxISiy8s2huunhxBkTEhX,6nfN5B7Jmi853SHa9106Hz,"['black americana', 'contemporary country']"
163,0TK2YIli7K1leLovkQiNik,7n2wHs1TKAczGzO7Dd2rGr,"['canadian pop', 'pop', 'viral pop']"
164,1sXUWdKx03aP9Gmzft58rt,0ZED1XzwlLHW4ZaG4lOT6m,['pop']
165,3znQ9i61vfe2E7URHlOiyc,0HS00NN7MAfF59aJnfcxSO,['indonesian pop']
166,7N2nLFpfpkqJdpXIF0BVtM,1z4g3DjTBBZKhvAroFlhOM,"['k-pop', 'k-pop girl group']"
167,5NACaWLnFkMDY5c4IUiqml,5s3rUylqooMyGsFE0rOFJT,['teen pop']
168,0W5oXFrxZNBTIS1eMW9Ofz,6LuN9FCkKOj5PcnpouEgny,"['pop', 'pop r&b']"
169,0FzaqX9OwVj9HMgaWwQOat,4D9foUQxTrsS0w2BeyCD16,"['k-pop', 'k-pop boy group']"
170,6NmigMZ7Yb0BLgc20LW7ui,3e7awlrlDSwF3iM0WBjGMp,"['girl group', 'pop', 'talent show', 'uk pop']"
171,7cOXUx0Q5PYafyNFriFajr,1EevBGfUh3RSQSGpluxgBm,"['american folk revival', 'folk', 'folk rock', 'singer-songwriter']"
172,6KiIUan0CiCAHS1NmKYxSd,5iVjA1Of8CIToe69eg3EUQ,[]
173,421eObjg0DTm2qajJl5OJm,20JZFwl6HVl6yg8a4H3ZqK,['pop']
174,4wBOtUHmMTGHCW92c0UGmo,7mFGOWJEkdlJBCXcJ5EWi9,"['korean pop', 'korean r&b']"
175,2YscTYeUJCcWhqqm5g1EPT,2hcsKca6hCfFMwwdbFvenJ,"['k-pop', 'k-pop boy group']"
176,0xaFw2zDYf1rIJWl2dXiSF,7tYKF4w9nC0nq9CsPZTHyP,"['pop', 'r&b', 'rap']"
177,6xqnXJbPNzsB4nvA2GdNy8,0sYpJ0nCC8AlDrZFeAA7ub,['k-pop']
178,2TIlqbIneP0ZY1O0EzYLlc,4GNC7GD6oZMSxPGyXy4MNB,"['pop', 'uk pop']"
179,5fiY3Ykhk6iKSbgqOWVc8I,41MozSoPIsD1dJM0CLPjZF,"['k-pop', 'k-pop girl group', 'pop']"
180,4ZLzoOkj0MPWrTLvooIuaa,4qIVPF0s71ZYW3qzhu5GkF,['sad lo-fi']
181,0RzT9tBLcQhofW2TNiHP9B,2dIgFjalVxs4ThymZ67YCE,"['k-pop', 'k-pop boy group', 'pop']"
182,7awomfKxYCpcqUlfZav6PD,7nqOGRxlXj7N2JYbgNEjYH,"['k-pop', 'k-pop boy group']"
183,2wPG4EcxvoPHEbjEaFJYtX,2hcsKca6hCfFMwwdbFvenJ,"['k-pop', 'k-pop boy group']"
184,7L8hkKW4hnemNfuOfEZcle,3Nrfpe0tUJi4K4DXYWgMUX,"['k-pop', 'k-pop boy group', 'pop']"
185,3KxYiSZ4n7ih45JtE2T518,0XATRDCYuuGhk0oE7C0o5G,"['k-pop', 'k-pop girl group']"
186,202lm9YX5WmAac83tOGlVn,1CoZyIx7UvdxT5c8UkMzHd,"['r&b', 'uk contemporary r&b']"
187,6cf0GCjuqAwlfFDrNLlhtw,5TnQc2N1iKlFjYD7CPGvFc,"['k-pop', 'k-pop boy group']"
188,4yLHe4OAlIFnHerGgHNXBm,7nqOGRxlXj7N2JYbgNEjYH,"['k-pop', 'k-pop boy group']"
189,0COqiPhxzoWICwFCS4eZcp,5nGIFgo0shDenQYSE0Sn7c,['alternative metal']
190,5wjmqUGN7vrAqFqDWrywlZ,4AK6F7OLvEQ5QYCBNiQWHq,"['boy band', 'pop', 'post-teen pop', 'talent show']"
191,3GYlZ7tbxLOxe6ewMNVTkw,6qqNVTkY8uBg9cP3Jd7DAH,"['art pop', 'electropop', 'pop']"
192,14pjnaIqkpReO5D0tHofAS,1wKpMkucynaTfG8lyPprYV,"['k-pop', 'k-pop boy group']"
193,6xGruZOHLs39ZbVccQTuPZ,3MZsBdqDrRTJihTHQrO6Dq,['viral pop']
194,2BHj31ufdEqVK5CkYDp9mA,4hUmsYcvD8C5zuVSP93jb1,['classic city pop']
195,0vB4Vd6PtkJSEnWsmqATnZ,4N8BwYTEC6XqykGvXXlmfv,"['jazz funk', 'jazz guitar', 'smooth jazz', 'soul jazz', 'yacht rock']"
196,12okmCNziVZkDIcEOx0SD9,1z4g3DjTBBZKhvAroFlhOM,"['k-pop', 'k-pop girl group']"
197,0OkJtCF6yQIdK11ge58uXD,0C8ZW7ezQVs4URX5aX7Kqx,"['pop', 'post-teen pop']"
198,4INhJDL6o97nMVh4JVgzJf,2hcsKca6hCfFMwwdbFvenJ,"['k-pop', 'k-pop boy group']"
199,5awNIWVrh2ISfvPd5IUZNh,52zMTJCKluDlFwMQWmccY7,"['k-pop', 'k-pop girl group']"
200,1TQXIltqoZ5XXyfCbAeSQQ,4xnihxcoXWK3UqryOSnbw5,['alt z']
201,6RJxJpOaCZ4DamSgJaMoJ8,7nqOGRxlXj7N2JYbgNEjYH,"['k-pop', 'k-pop boy group']"
202,3i058E8uxTsYqJ5NWZzqSj,6KImCVD70vtIoJWnq6nGn3,['pop']
203,3Y2MvObZdPakD1X71KOxCD,3jTU1IOqkO7Mz4zdbXPose,['singer-songwriter pop']
204,0bFiLUmBmFX0aWyhVqIwiN,7nqOGRxlXj7N2JYbgNEjYH,"['k-pop', 'k-pop boy group']"
205,354DcqfZLjPzNZlSfR6o2R,59mjRp0i1B8oWSSMmGWJlJ,"['post-teen pop', 'teen pop']"
206,3a4VCqofc7Wf7cqfZYu2Ad,1khChLj7REGqjM043PlYyn,"['k-pop', 'k-pop boy group']"
207,0UDCfleTgwihlnOUxbzokR,3Nrfpe0tUJi4K4DXYWgMUX,"['k-pop', 'k-pop boy group', 'pop']"
208,6fhWH0doyn7cSOgjgsuLPh,1BhWF9W2PngtPSyobKg0rP,"['dance pop', 'pop', 'post-teen pop']"
209,7lgrRhx7ExnO4WBofwYeTR,0SA2I3s4t7hmv1XVvky9Po,['korean singer-songwriter']
210,1hwdPQtFHISvZ9SXMkNrIK,1GlMjIezcLwV3OFlX0uXOv,"['movie tunes', 'tagalog worship']"
211,0GU5GuJQQEnnREO2FxnVPT,2KC9Qb60EaY0kW4eH68vr3,"['k-pop', 'k-pop girl group']"
212,1fzAuUVbzlhZ1lJAx9PtY6,06HL4z0CvFAxyc27GXpf02,['pop']
213,6qAzAmPBUpGrk7XADZHR5k,5qRSs6mvI17zrkJpOHkCoM,"['k-pop', 'k-pop boy group']"
214,23gGonlrKaNDwklb8vYTTX,7k73EtZwoPs516ZxE72KsO,"['j-pop', 'j-rock', 'japanese emo']"
215,2bk43y1inDfHx8fFdXar3l,2CQZr2RPZmrcvDnaod1ldC,['k-pop']
216,2ayIgfvWo3SfYP2pVOr4pC,3eVa5w3URK5duf6eyVDbu9,['k-pop']
217,3cl6BsTDeeGRbgug5TXrvg,5TnQc2N1iKlFjYD7CPGvFc,"['k-pop', 'k-pop boy group']"
218,13Z3uZXTFpbLBZ8R1rTUKO,0MeLMJJcouYXCymQSHPn8g,"['ambient worship', 'chamber pop']"
219,2Mfv5HaqnI18Q9JRv9hqnn,26VFTg2z8YR0cCuwLzESi2,"['electropop', 'etherpop', 'indie poptimism', 'pop']"
220,79YGfoagW5Z75PDvnZK5vl,57WHJIHrjOE3iAxpihhMnp,['pop']
221,409ecqzL0mawglTfM7favQ,0bDdOBGVCFVt0f8N9ldW1k,['korean pop']
222,6xWbpC8KpcItoGd8ZOKJlU,1Qp56T7n950O3EGMsSl81D,"['hard rock', 'metal']"
223,1wpshV27JxfmAApoclaNAh,2hcsKca6hCfFMwwdbFvenJ,"['k-pop', 'k-pop boy group']"
224,6U0D8PIh75fnX6T6TWJLxl,5Rl15oVamLq7FbSb0NNBNy,"['boy band', 'pop']"
225,5z8uLrYMcUVvzTV28twt44,0X2BH1fck6amBIoJhDVmmJ,"['indietronica', 'metropopolis', 'pop', 'uk pop']"
226,6iuiqpyK3PklBfm4P9T0Ca,7mFGOWJEkdlJBCXcJ5EWi9,"['korean pop', 'korean r&b']"
227,2Gy7qnDwt8Z3MNxqat4CsK,3oDbviiivRWhXwIE8hxkVV,"['baroque pop', 'classic rock', 'folk rock', 'mellow gold', 'psychedelic rock', 'rock', 'sunshine pop']"
228,227y7s5IZ5TWN17Pkte5tc,52zMTJCKluDlFwMQWmccY7,"['k-pop', 'k-pop girl group']"
229,5wZrbaTarjGJJD8fvzs6ru,4qRXrzUmdy3p33lgvJEzdv,['korean pop']
230,71WZ7yFuwxmQz5jJUpvkGv,5TnQc2N1iKlFjYD7CPGvFc,"['k-pop', 'k-pop boy group']"
231,054sQZ2qmw0Ya7N0XSxl3j,7nqOGRxlXj7N2JYbgNEjYH,"['k-pop', 'k-pop boy group']"
232,2Ht9zRNnww8cE0KrEihtMl,1sjw4xq2pAWy5Vdgba5QAt,['k-pop']
233,7m83eIaTZPfaEo3A0imGKP,3paGCCtX1Xr4Gx53mSeZuQ,"['k-pop', 'k-pop boy group']"
234,11zGbqR6W7biyOgSm3WGSO,7nqOGRxlXj7N2JYbgNEjYH,"['k-pop', 'k-pop boy group']"
235,3k7ikTNf1Ms0ZfTsoe9Blk,6aLdhHUqgdKE86xbtNmY8g,"['k-pop', 'korean r&b']"
236,7d5knRwvDacedst6IVu5fN,6S2OmqARrzebs0tKUEyXyp,"['pop', 'post-teen pop']"
237,2YeozkaCbAYWOdjMKahrjU,2hcsKca6hCfFMwwdbFvenJ,"['k-pop', 'k-pop boy group']"
238,03nj2jXoW9uuWUMMQsz5ld,0hKq3u04JU5IuGNSTGyngJ,['korean instrumental']
239,1VLEqquT268Ke46e5DZ1dH,3paGCCtX1Xr4Gx53mSeZuQ,"['k-pop', 'k-pop boy group']"
240,172e82oK9vGoBPvc6SqMm5,1HY2Jd0NmPuamShAr6KMms,"['art pop', 'dance pop', 'pop']"
241,7ibZWzytUh41z5ycK2I5N8,41MozSoPIsD1dJM0CLPjZF,"['k-pop', 'k-pop girl group', 'pop']"
242,69uJi5QsBtqlYkGURTBli8,4KDyYWR7IpxZ7xrdYbKrqY,"['country rock', 'electric blues', 'folk', 'folk rock', 'heartland rock', 'mellow gold', 'singer-songwriter']"
243,1AhDOtG9vPSOmsWgNW0BEY,1dfeR4HaWDbWqFHLkxsg1d,"['classic rock', 'glam rock', 'rock']"
244,5TgfB8nBnuKaytBbjmrzO7,7nqOGRxlXj7N2JYbgNEjYH,"['k-pop', 'k-pop boy group']"
245,1epQHfyawVTqNwIyDBSHI5,5BmVxdltuGK9CqZVaiUEKy,['singer-songwriter pop']
246,41sIKltzKnhFsDXWTKjO3R,5RmQ8k4l3HZ8JoPb4mNsML,['k-rap']
247,0UHB9METy4VCXNgkcGqHqS,5pKCCKE2ajJHZ9KAiaK11H,"['barbadian pop', 'pop', 'urban contemporary']"
248,2L9N0zZnd37dwF0clgxMGI,1GmsPCcpKgF9OhlNXjOsbS,"['alt z', 'boston folk', 'indie pop']"
249,0Ryd8975WihbObpp5cPW1t,66CXWjxzNUsdJxJ2JdwvnR,['pop']
250,7gs7h249FMYC3U02BimoD6,1z4g3DjTBBZKhvAroFlhOM,"['k-pop', 'k-pop girl group']"
251,6klpXs2uAjagnZMFkt4qkl,2LJxr7Pt3JnP60eLxwbDOu,"['dance pop', 'neo mellow', 'post-teen pop']"
252,2wWboDFZJPWXVNlHUbdSVQ,1vSN1fsvrzpbttOYGsliDr,"['pop', 'post-teen pop']"
253,1bhuTWST1TYIVdrsEaQDKa,7nqOGRxlXj7N2JYbgNEjYH,"['k-pop', 'k-pop boy group']"
254,3WvGhuDPwl0UHWQSHTBo9D,5DnjOSzLCfn4hDbLECq8pt,['korean pop']
255,7Acvy2L38SCipAeMPOK8Ro,7cVZApDoQZpS447nHTsNqu,['k-pop']
256,1DnpjwTbSwV2V6O4PABMjW,06HL4z0CvFAxyc27GXpf02,['pop']
257,742pvqvtpOo6eFjAXKVZYD,4xF1D2cjWYquezD4TEx8DU,['korean ost']
258,0U1W2LZVUX7qTm7dDpqxh6,7n2wHs1TKAczGzO7Dd2rGr,"['canadian pop', 'pop', 'viral pop']"
259,4vxK5XbTTDNNKYbPDmZZC3,2hcsKca6hCfFMwwdbFvenJ,"['k-pop', 'k-pop boy group']"
260,5KjpVjzswXSbrUuIKds12T,7k73EtZwoPs516ZxE72KsO,"['j-pop', 'j-rock', 'japanese emo']"
261,5XijWLBY0vwl5MPUpQA2Ha,26VFTg2z8YR0cCuwLzESi2,"['electropop', 'etherpop', 'indie poptimism', 'pop']"
262,2pPRgFEENF3LtuxYUPuT24,5y2Xq6xcjJb2jVM54GHK3t,"['neo soul', 'pop', 'pop soul', 'urban contemporary']"
263,3OHfY25tqY28d16oZczHc8,7tYKF4w9nC0nq9CsPZTHyP,"['pop', 'r&b', 'rap']"
264,5jhYykolbcG1T9wZSyvhp5,52zMTJCKluDlFwMQWmccY7,"['k-pop', 'k-pop girl group']"
265,0cp40X5n65SX6flh0ZcDPW,0FRUZvZNPzM3YJMABJxf2K,"['k-pop', 'korean pop']"
266,6BORJ0ZazxMBpM3cWg79Id,26VFTg2z8YR0cCuwLzESi2,"['electropop', 'etherpop', 'indie poptimism', 'pop']"
267,1vrd6UOGamcKNGnSHJQlSt,06HL4z0CvFAxyc27GXpf02,['pop']
268,4lHWJzg0CnzwquqwxS9sIl,0HthCchcL0kVLHTr113Vk1,"['alt z', 'bedroom pop', 'indie pop', 'pov: indie']"
269,66Ae3p10Em3KdTaM787Ptx,164Uj4eKjl6zTBKfJLFKKK,"['modern indie pop', 'pov: indie', 'singer-songwriter pop']"
270,6wXMG6QNe2TYSlcBQZ5UIW,0TffQbBN7iT1M1HFMvBSJp,['singer-songwriter pop']
271,3gAR6cBifLqbW8kOrMqZPr,7nqOGRxlXj7N2JYbgNEjYH,"['k-pop', 'k-pop boy group']"
272,3LUwHkWsx9iljzZyqwWBHc,7nqOGRxlXj7N2JYbgNEjYH,"['k-pop', 'k-pop boy group']"
273,4hxNs73449mNhfLIvAC9zz,4TnGh5PKbSjpYqpIdlW5nz,"['k-pop', 'k-pop boy group']"
274,6JF07uIg19KDC5cUoMtT1H,7mFGOWJEkdlJBCXcJ5EWi9,"['korean pop', 'korean r&b']"
275,6IwKcFdiRQZOWeYNhUiWIv,3DiDSECUqqY1AuBP8qtaIa,"['neo soul', 'pop', 'r&b']"
276,0FiInivN1aBhzKM3UtHM3l,64NYWpxh4HgzMb1SwCCjMw,['teen pop']
277,00Cxlg96EHYJG2VoTh7Q3D,1z4g3DjTBBZKhvAroFlhOM,"['k-pop', 'k-pop girl group']"
278,1hd8IgMElWy3OqcFVjZMUx,7nqOGRxlXj7N2JYbgNEjYH,"['k-pop', 'k-pop boy group']"
279,1B62o4CbdL9ckGvwsz2cgn,6AyATGg7mDgBlZ4N5uNog0,['modern indie pop']
280,6PERP62TejQjgHu81OHxgM,1McMsnEElThX1knmY4oliG,['pop']
281,0up9rhm9qt2LW7cnoDFCMk,1wRPtKGflJrBx9BmLsSwlU,"['desi pop', 'filmi', 'indian instrumental', 'modern bollywood']"
282,6mzF8HvHdVrzJNd8M1uFCS,6aLdhHUqgdKE86xbtNmY8g,"['k-pop', 'korean r&b']"
283,2zI9NSx3dncJHCw0QClcx0,2WuKU0SYZOQyY3MmE4vtez,['boy band']
284,4P9Q0GojKVXpRTJCaL3kyy,06HL4z0CvFAxyc27GXpf02,['pop']
285,7AYP21Q4qnxw2WxETEvSRb,4Uc8Dsxct0oMqx0P6i60ea,"['bedroom pop', 'pop', 'pov: indie']"
286,6GD1eomgaGT1Epto6Q5eAo,164Uj4eKjl6zTBKfJLFKKK,"['modern indie pop', 'pov: indie', 'singer-songwriter pop']"
287,0ePDb0b1tMQlqP9u58pmcg,7nqOGRxlXj7N2JYbgNEjYH,"['k-pop', 'k-pop boy group']"
288,05fVrhFBjfElZiDfHDRxhF,07YZf4WDAMNwqr4jfgOZ8y,"['dance pop', 'pop']"
289,3nsE1k6l1BRI1nVz6NOint,4fSgmhMjPbzFOVn8MjooZ2,[]
290,2xi3O5Z1sApFoIjbskYfcD,1OQxmfKN9UG5C7nr4MkasO,[]
291,2FiceoWDJ67rrmb5tGBpgE,7nDsS0l5ZAzMedVRKPP8F1,"['dance pop', 'talent show', 'uk pop']"
292,5mdWIwsJAzR97ShGkt8gcR,4XpUIb8uuNlIWVKmgKZXC0,"['k-pop', 'korean r&b']"
293,23jEeXRyrjFbfs2Q8tBwdI,6M2wZ9GZgrQXHCFfjv46we,"['dance pop', 'pop', 'uk pop']"
294,2e3cJdJ8xWwydl8JIYlCqB,1qBsABYUrxg9afpMtyoFKz,"['chinese idol pop', 'k-pop']"
295,78Sw5GDo6AlGwTwanjXbGh,5y8tKLUfMvliMe8IKamR32,"['bedroom pop', 'bedroom r&b']"
296,4wcyQo2iV46LinjXE55RtG,7nqOGRxlXj7N2JYbgNEjYH,"['k-pop', 'k-pop boy group']"
297,25osmdhvjltPlN7gI2Javd,7nqOGRxlXj7N2JYbgNEjYH,"['k-pop', 'k-pop boy group']"
298,14kYOiFVPb7E7NfFbqhdln,66CXWjxzNUsdJxJ2JdwvnR,['pop']
299,23W0eq63H9sTGG8SjJu6Ke,4eh2JeBpQaScfHKKXZh5vO,['korean superband']
300,339xlPKDLkEkFBFkMfAFfJ,2dIgFjalVxs4ThymZ67YCE,"['k-pop', 'k-pop boy group', 'pop']"
301,62t9gVvP1lDWgMI8hi0L9A,7bmYpVgQub656uNTu6qGNQ,"['k-pop', 'korean talent show']"
302,2AjLglUo6dT2WvXwACfsEL,2Ls6NaK9OMltk9EYI3UPcw,[]
303,696Y3Jx3k4Rjsw8gm2q4l4,0X2BH1fck6amBIoJhDVmmJ,"['indietronica', 'metropopolis', 'pop', 'uk pop']"
304,2RWs4c3ZJ74WwXlVC3QCQN,5pKCCKE2ajJHZ9KAiaK11H,"['barbadian pop', 'pop', 'urban contemporary']"
305,021L6LlBBtr34BmFRHd9Ic,3ZZzT0naD25RhY2uZvIKkJ,"['k-pop', 'k-pop girl group']"
306,54flyrjcdnQdco7300avMJ,1dfeR4HaWDbWqFHLkxsg1d,"['classic rock', 'glam rock', 'rock']"
307,66orj0qtDgnU6DlmllAxbq,7nqOGRxlXj7N2JYbgNEjYH,"['k-pop', 'k-pop boy group']"
308,3JUy6uHdxEGf5cqk7IxDrE,4D9foUQxTrsS0w2BeyCD16,"['k-pop', 'k-pop boy group']"
309,0zNo6vxprHTeiFXNTo65ga,7nqOGRxlXj7N2JYbgNEjYH,"['k-pop', 'k-pop boy group']"
310,3r9eGg4SVPbhtiPTA9UkmK,3pc0bOVB5whxmD50W79wwO,['chill r&b']
311,7uFAUYB1mR6Kn7UbbXCd2q,7cEaNXXTHx3LokbjUUyHal,[]
312,1BLOVHYYlH4JUHQGcpt75R,0epOFNiUfyON9EYx7Tpr6V,"['alternative rock', 'garage rock', 'modern rock', 'permanent wave', 'rock']"
313,5b7OgznPJJr1vHNYGyvxau,1Mxqyy3pSjf8kZZL4QVxS0,"['adult standards', 'easy listening', 'lounge']"
314,7sTtHHrD0zDpmzQzH3zegz,4nDoRrQiYLoBzwC5BhVJzF,"['dance pop', 'pop']"
315,3IB5qOeMayvpOdHxYCL5tZ,3Nrfpe0tUJi4K4DXYWgMUX,"['k-pop', 'k-pop boy group', 'pop']"
316,7lidXGPXPYLNThITAOTlkK,26VFTg2z8YR0cCuwLzESi2,"['electropop', 'etherpop', 'indie poptimism', 'pop']"
317,2ktg2oZDyFAX3iY1QNkXl5,57LYzLEk2LcFghVwuWbcuS,['r&b']
318,58qX77t2VWMWcycsh9zKLc,7okSU80WTrn4LXlyXYbX3P,"['alt z', 'gen z singer-songwriter']"
319,0L1IszgjzIZRBENyHJTQms,2kRfqPViCqYdSGhYSM9R0Q,['pop']
320,5lvnGiTAH9BVlJLHc0DXZz,66CXWjxzNUsdJxJ2JdwvnR,['pop']
321,6PkHFPxrvlXXVnJTONwsjc,26VFTg2z8YR0cCuwLzESi2,"['electropop', 'etherpop', 'indie poptimism', 'pop']"
322,1dAN9YSEram61KezA9X8lx,2dhnFfsPxve8lzhwfXVFpS,"['k-indie', 'korean ost', 'korean pop']"
323,7w3pIUjz7BTTqj9uAws40m,52zMTJCKluDlFwMQWmccY7,"['k-pop', 'k-pop girl group']"
324,0O22hXRIdbyrnMQk7VldC9,7f4ignuCJhLXfZ9giKT7rH,"['k-pop', 'k-pop boy group']"
325,0W9HGC75wwxU4YweY045ln,1z4g3DjTBBZKhvAroFlhOM,"['k-pop', 'k-pop girl group']"
326,3zM2yi75oB3v00sZvWUzIn,2hcsKca6hCfFMwwdbFvenJ,"['k-pop', 'k-pop boy group']"
327,1kmmKv3L4kGmoPu8aDFOmk,7nqOGRxlXj7N2JYbgNEjYH,"['k-pop', 'k-pop boy group']"
328,1HfMVBKM75vxSfsQ5VefZ5,0C8ZW7ezQVs4URX5aX7Kqx,"['pop', 'post-teen pop']"
329,3kCYnvSwhSzYBD7fnDFhbY,7okSU80WTrn4LXlyXYbX3P,"['alt z', 'gen z singer-songwriter']"
330,2IZZqH4K02UIYg5EohpNHF,7t0rwkOPGlDPEhaOcVtOt9,"['irish rock', 'pop rock', 'rock']"
331,06vNG6CiV4k8oNA0wUUAO7,5XKFrudbV4IiuE5WuTPRmT,['gen z singer-songwriter']
332,7fTc6aBevhBfM6vjSQuWHZ,38Gn0ZVC8TQwuaMxBK1yRV,[]
333,1VdZ0vKfR5jneCmWIUAMxK,6eUKZXaKkcviH0Ku9w2n3V,"['pop', 'singer-songwriter pop', 'uk pop']"
334,1rp986nzkyAX1wFpxzbwlC,2hRQKC0gqlZGPrmUKbcchR,"['k-pop', 'k-pop boy group']"
335,0K9UobG2sH8fUZxVZKOLys,7McwKT2tZl8LMXUQRH3YDM,['k-rap']
336,3uEFtV5fPIcDR6fIKeeBcS,2iTiSaR023IikZDaOfEIRR,['viral pop']
337,17wECh3CzqeHm48pqm544P,2ZmXexIJAD7PgABrj0qQRb,"['k-pop', 'k-pop boy group', 'k-rock']"
338,6ytFbcnLPsPE12TulsUzRh,1G70DDG3s5yYneeU3rgdUk,[]
339,3LbMgAP9NsVs8ypZ0kLSek,2Aaz4mQGMr0iuyBE2lcfxn,"['indian lo-fi', 'lo-fi chill']"
340,1pMJC3hRbJGIs3Qz6gjssl,6aLdhHUqgdKE86xbtNmY8g,"['k-pop', 'korean r&b']"
341,2iYnEfKsAsE86Yb9mS4b3E,1z4g3DjTBBZKhvAroFlhOM,"['k-pop', 'k-pop girl group']"
342,59v8XEW2KMXg9zrVuGFQNo,3rcCgAX9YWcN86ljeWvpIY,['korean instrumental']
343,4RL77hMWUq35NYnPLXBpih,2WX2uTcsvV5OnS0inACecP,"['neo mellow', 'uk pop']"
344,6Upu6yjkdi0DVI8E3IBZEU,7nqOGRxlXj7N2JYbgNEjYH,"['k-pop', 'k-pop boy group']"
345,1is8gU4RVcN4J8xItxWoOY,7okSU80WTrn4LXlyXYbX3P,"['alt z', 'gen z singer-songwriter']"
346,1Y3LN4zO1Edc2EluIoSPJN,5XKFrudbV4IiuE5WuTPRmT,['gen z singer-songwriter']
347,4hzeoIOERTL4jdTXAQ0FWr,7G1kUsPtQCdolV6CPwHmh2,['korean talent show']
348,1117juaaAkSIUsQxTmmcKM,7nqOGRxlXj7N2JYbgNEjYH,"['k-pop', 'k-pop boy group']"
349,7GAaTpSoTWUTbP2Yxlt4Hd,32WkQRZEVKSzVAAYqukAEA,"['contemporary country', 'country', 'country dawn', 'country pop', 'country road']"
350,7BuFMtIknd3ewai0zhKhqb,1z4g3DjTBBZKhvAroFlhOM,"['k-pop', 'k-pop girl group']"
351,6E7jAJN2e3znSHyPCdQqx8,0XATRDCYuuGhk0oE7C0o5G,"['k-pop', 'k-pop girl group']"
352,3NDgV66iYYySIgo5RSvQ5d,7Lk9V7E1u5gqSHmtcKlOqH,"['alt z', 'gen z singer-songwriter', 'modern indie pop']"
353,0a4MMyCrzT0En247IhqZbD,6HvZYsbFfjnjFrWF950C9d,"['k-pop', 'k-pop girl group']"
354,6XXCvIN94wOQBnyfcx8q3I,4iHNK0tOyZPYnBU7nGAgpQ,"['dance pop', 'pop', 'urban contemporary']"
355,5wQnmLuC1W7ATsArWACrgW,7FBcuc1gsnv6Y1nwFtNRCb,"['emo', 'modern rock', 'pop punk', 'pov: indie', 'rock']"
356,3CYH422oy1cZNoo0GTG1TK,1z4g3DjTBBZKhvAroFlhOM,"['k-pop', 'k-pop girl group']"
357,6i5Ah8JMFlYdXnbAluzHIy,7mFGOWJEkdlJBCXcJ5EWi9,"['korean pop', 'korean r&b']"
358,3CqMuOh8kuc4hrHZrvuDBc,3M4yELotVvM0dsg32ewGSl,['alt z']
359,5YVmHTAsdWnoanWXB7AwZX,7DQYAz99eM3Y5PkP9WtUew,['gen z singer-songwriter']
360,4fFfyouye6vrX9o9z4PVMu,5JZ7CnR6gTvEMKX4g70Amv,['pop']
361,2FymmKBuog0loCuNXMwQID,7nqOGRxlXj7N2JYbgNEjYH,"['k-pop', 'k-pop boy group']"
362,6DMOzL2zPZBAW0LDYCYLWm,52o9SO5Qt09Vr9bDCbTbmu,[]
363,2gOlrge3YTmYPwsCGgU62K,0N0d3kjwdY2h7UVuTdJGfp,"['eurodance', 'europop', 'german techno', 'melbourne bounce international']"
364,08jigv9h0106ub1niAgZzs,4iHNK0tOyZPYnBU7nGAgpQ,"['dance pop', 'pop', 'urban contemporary']"
365,6iNcyWk5iUEY7P9zeTc5hm,3qbnxnvUqR14MJ9g8QwZJK,"['contemporary country', 'country', 'country road']"
366,0fWumcFAyiznjreNIXlfm6,7blXVKBSxdFZsIqlhdViKc,"['indietronica', 'singer-songwriter pop']"
367,13OmHgZeOKvAWGjVI8CfxY,1z4g3DjTBBZKhvAroFlhOM,"['k-pop', 'k-pop girl group']"
368,1nahzW3kfMuwReTka28tH5,1uNFoZAHBGtllmzznpCI3s,"['canadian pop', 'pop']"
369,5QiiYSr4pJMPOESQznu2IC,1slszTGbkp1uNnI6G5uD0X,[]
370,1U84jxQwgWGQDGqSsf82aZ,7aO285xSsCbjy0q9zEqXEk,"['alt z', 'gen z singer-songwriter']"
371,5Ok0AYLymugVEB200ioKFN,2hcsKca6hCfFMwwdbFvenJ,"['k-pop', 'k-pop boy group']"
372,37sINbJZcFdHFAsVNsPq1i,3AQRLZ9PuTAozP28Skbq8V,"['celtic rock', 'pop']"
373,10VuRG4YCjIDFxTliN02MP,0Sadg1vgvaPqGTOjxu0N6c,"['k-pop', 'k-pop girl group']"
374,6coYgp4v0p7ydzqfccmiTn,7mFGOWJEkdlJBCXcJ5EWi9,"['korean pop', 'korean r&b']"
375,1BcfexpcJZ4Oh1h89M4aVN,4ftctxasGrW5Ud5Pbw6kWq,"['indie garage rock', 'victoria bc indie']"
376,1jxGBe4s8FwL2ZeNWszVuu,2CQZr2RPZmrcvDnaod1ldC,['k-pop']
377,7AdGloF1UHKe1vAZPbqIXH,41MozSoPIsD1dJM0CLPjZF,"['k-pop', 'k-pop girl group', 'pop']"
378,7hDg1QQOiqQmQzx1nORGwi,1kfWoWgCugPkyxQP8lkRlY,['k-pop']
379,5CBnWXD8M7e8Q6WubFLtXy,5ZsFI1h6hIdQRw2ti0hz81,"['pop', 'uk pop']"
380,7n5eQJYX7e6H5gkzgyEfQG,5snNHNlYT2UrtZo5HCJkiw,"['k-pop', 'k-rap', 'korean old school hip hop']"
381,0FIFC736TsxyHj8elsMkQh,0hKq3u04JU5IuGNSTGyngJ,['korean instrumental']
382,2JHHa7MKQahUQi5d4At1GZ,7uv6GgFILw5jZxPnsGzER3,['korean pop']
383,25jVJDgG9Nv0jFIIPeb0c7,7nqOGRxlXj7N2JYbgNEjYH,"['k-pop', 'k-pop boy group']"
384,02iW5boMzeBDVRI0dRE1Yw,45dkTj5sMRSjrmBSBeiHym,"['alt z', 'pop']"
385,3JHHdVlFZZ8ZsGplFbZDPU,4Ly0KABsxlx4fNj63zJTrF,['folk-pop']
386,2J4DpqJCIuuM9WjtWHbjvd,2jnIB6XdLvnJUeNTy5A0J2,"['boy band', 'pop']"
387,7qEHsqek33rTcFNT9PFqLf,4GNC7GD6oZMSxPGyXy4MNB,"['pop', 'uk pop']"
388,5iFwAOB2TFkPJk8sMlxP8g,4vxaQs6vK54nK89J1VtLex,['indie rockism']
389,4u3qi4mgvCQzeTSIuUWHzl,7k73EtZwoPs516ZxE72KsO,"['j-pop', 'j-rock', 'japanese emo']"
390,4PCVZGch6Q57RVAcai9L8u,5Rl15oVamLq7FbSb0NNBNy,"['boy band', 'pop']"
391,6y8BCw8EyaGOcjGpgqOnMx,0SA2I3s4t7hmv1XVvky9Po,['korean singer-songwriter']
392,5ljGBxXb9LthJK0rW61G6X,4TdiASPlU3QdZvGQBothcQ,[]
393,0hgX5eAmzQZTD2zTnXnSdB,3WGpXCj9YhhfX11TToZcXP,"['australian pop', 'pop', 'viral pop']"
394,52iLDrSoRtf9lcgFuLVfqE,4xnihxcoXWK3UqryOSnbw5,['alt z']
395,3H7oAhHxkEkSf9iomv2mbG,3WGpXCj9YhhfX11TToZcXP,"['australian pop', 'pop', 'viral pop']"
396,0mve4vxmwumqI6gnw7euma,0CmvFWTX9zmMNCUi6fHtAx,"['k-pop', 'k-pop boy group']"
397,6l36oP4ASJj5mViC3JGWuE,6Uug3azJYNwnLkO82CTTY2,['korean pop']
398,7HrE6HtYNBbGqp5GmHbFV0,3HqSLMAZ3g3d5poNaI7GOU,"['k-pop', 'pop']"
399,6mavVLsxaa4YcPje9qZKcf,0FRUZvZNPzM3YJMABJxf2K,"['k-pop', 'korean pop']"
400,4VrUT6GeeSRz6MB8tWJSHM,4xnihxcoXWK3UqryOSnbw5,['alt z']
401,0pYacDCZuRhcrwGUA5nTBe,3HqSLMAZ3g3d5poNaI7GOU,"['k-pop', 'pop']"
402,7C268Iv1VSOWdp9Tda5WsD,2hcsKca6hCfFMwwdbFvenJ,"['k-pop', 'k-pop boy group']"
403,2BlM00LsKY0pFKEChrQa9Y,6i8Tae6takoQos2JZ4vdRn,['alt z']
404,4N8CuFtyo4UanLTEW0EkBb,2jnIB6XdLvnJUeNTy5A0J2,"['boy band', 'pop']"
405,0sf12qNH5qcw8qpgymFOqD,1Xyo4u8uXC1ZmMpatF05PJ,"['canadian contemporary r&b', 'canadian pop', 'pop']"
406,5Mb49fXXlAa2oOhTXWResZ,1rp5HzWaNwgauM5W5YmZ3U,['korean talent show']
407,1sYSP7gKa5kdKIfhANfori,1bqxdqvUtPWZri43cKHac8,['viral pop']
408,6nGeLlakfzlBcFdZXteDq7,0FEJqmeLRzsXj8hgcZaAyB,['french pop']
409,2Q05L79NjiiECBDhdUemFO,2hcsKca6hCfFMwwdbFvenJ,"['k-pop', 'k-pop boy group']"
410,7LZEIA2Kqx1PHyI1aPwAbr,5na1LmEmK2VzNLje9snJYW,"['k-pop', 'k-pop boy group']"
411,7795WJLVKJoAyVoOtCWqXN,2wY79sveU1sp5g7SokKOiI,"['pop', 'uk pop']"
412,75ZvA4QfFiZvzhj2xkaWAh,246dkjvS1zLTtiykXe5h60,"['dfw rap', 'melodic rap', 'pop', 'rap']"
413,3I5W8iA8iZAyO62UVceK3F,7nqOGRxlXj7N2JYbgNEjYH,"['k-pop', 'k-pop boy group']"
414,5MkZkFLnUrsMrVKQwqv5zV,5na1LmEmK2VzNLje9snJYW,"['k-pop', 'k-pop boy group']"
415,3gJp5iMDX2yM0PN9CXrHBF,2hcsKca6hCfFMwwdbFvenJ,"['k-pop', 'k-pop boy group']"
416,3r8RuvgbX9s7ammBn07D3W,6HvZYsbFfjnjFrWF950C9d,"['k-pop', 'k-pop girl group']"
417,5owAvCj4VGLgMlrxwf4ZMj,3898xesz6JuQkpz7Kiu4uM,"['channel pop', 'dutch pop']"
418,5LiWJsSSjZh7Y3hqml18Ki,1sVSMPPNMMSZ7cQNfbvMOe,"['k-pop', 'korean pop', 'korean singer-songwriter']"
419,5nCthAh3jt4xKuLJAifAaR,6jJ0s89eD6GaHleKKya26X,['pop']
420,4aDtcFPvjKpywRG8AYhC0C,6dhfy4ByARPJdPtMyrUYJK,['korean pop']
421,5IMMISEvjmRxNxcTbUj7KN,6L1XC7NrmgWRlwAeLJvVtA,"['australian pop', 'singer-songwriter pop']"
422,3vAncbML0jhNrp63DKhsCo,5dCvSnVduaFleCnyy98JMo,"['k-pop', 'korean pop', 'korean r&b']"
423,7xfSCgVOkQJhVxnqzepATH,2wOqMjp9TyABvtHdOSOTUS,"['classical', 'classical era', 'early romantic era', 'german romanticism']"
424,12jngD7Hu6if6sIzPkO2k4,7nqOGRxlXj7N2JYbgNEjYH,"['k-pop', 'k-pop boy group']"
425,6LnEoRQKMcaFTR5UvaKuBy,7nqOGRxlXj7N2JYbgNEjYH,"['k-pop', 'k-pop boy group']"
426,3p1J2lefXYI4mMQqXUez75,7nqOGRxlXj7N2JYbgNEjYH,"['k-pop', 'k-pop boy group']"
427,6c1QaQHdDhtFMfUkhueuXK,6bwp9ObI8FWvMPCIWVBmhl,['k-pop']
428,75scDPqGs75FotglJSoOI2,3Nrfpe0tUJi4K4DXYWgMUX,"['k-pop', 'k-pop boy group', 'pop']"
429,36wzNPKvOyra9Y4kEJ7EP8,2hcsKca6hCfFMwwdbFvenJ,"['k-pop', 'k-pop boy group']"
430,3lq6i23fC6j1v1AR0GeNg8,3WwGRA2o4Ux1RRMYaYDh7N,"['classic city pop', 'idol kayo', 'japanese singer-songwriter']"
431,6whFRgwg7je2SYzpSfansM,61HUG80Xma4rnXsqfZkzeM,"['classic k-pop', 'k-pop girl group']"
432,6BhMMfNXLBRRuGpJabJlyD,5RFf1gyPc9lMOtCq2k6tLl,[]
433,69vToJ9BMbbLlFZo7k7A7B,6ydoSd3N2mwgwBHtF6K7eX,['pop']
434,5rUWULaKgEK2HozI1wYvZ9,1z4g3DjTBBZKhvAroFlhOM,"['k-pop', 'k-pop girl group']"
435,5XXJnC5TvcL2QsAZ3Nxgku,4U80LJd8sG6U9YTFP5izka,['k-pop']
436,1PJErpu7kgi8A4XDbwWXrf,5iRPbkcPmqAFFwDUj6ywVS,"['k-pop', 'k-pop boy group']"
437,4x4gSKyHKmtmPwLfhkszYn,2frFGmni9tkRgXYdXmzQvR,"['korean ost', 'korean pop']"
438,7ywzEdEuVG1lsjsRCGJfLy,5YGY8feqx7naU7z4HrwZM6,['pop']
439,5DUDLaokWUsRbU8XLuQM2y,2GoeZ0qOTt6kjsWW4eA6LS,"['desi pop', 'filmi', 'gujarati pop', 'modern bollywood']"
440,1RMUSljuiZKUNaf6xskK9n,4ufh0WuMZh6y4Dmdnklvdl,['k-pop']
441,0vXf5zT0nkAvul9bG4CDAY,2uFUBdaVGtyMqckSeCl0Qj,"['bow pop', 'compositional ambient', 'neo-classical']"
442,2aI21FnmY7TJVKeMaoQZ0t,2jw70GZXlAI8QzWeY2bgRc,"['canadian latin', 'canadian pop', 'dance pop', 'pop']"
443,6MC0anRfGPzSWrvybgsY7O,7nqOGRxlXj7N2JYbgNEjYH,"['k-pop', 'k-pop boy group']"
444,6td501MwDVFewdz6qNOtG8,5dCvSnVduaFleCnyy98JMo,"['k-pop', 'korean pop', 'korean r&b']"
445,29VVYrV5TVpGu0IfoTXlcw,7k73EtZwoPs516ZxE72KsO,"['j-pop', 'j-rock', 'japanese emo']"
446,6vKFInjkDGKAKUrbaVDFuN,2hcsKca6hCfFMwwdbFvenJ,"['k-pop', 'k-pop boy group']"
447,0UzymivvUH5s8z4PeWZJaK,5t5FqBwTcgKTaWmfEbwQY9,"['anime', 'k-pop boy group']"
448,5N40rFoIpHn2fCpdL4Cd3S,2MOlaeCGL8W2BKETEpiQhc,['chinese idol pop']
449,3DQisSEr1TLp9H0BEeKiQS,1Xylc3o4UrD53lo9CvFvVg,"['pop', 'scandipop', 'swedish electropop', 'swedish pop']"
450,6o2Pu5qZcinw4mlDlQZFqu,7nqOGRxlXj7N2JYbgNEjYH,"['k-pop', 'k-pop boy group']"
451,1uJLYKtzCOhZI1zZW99W8I,11S00dFcvNvJahis8MTGMD,['k-rap']
452,2tMBCYj22KxtmkAACIvvk4,3Nrfpe0tUJi4K4DXYWgMUX,"['k-pop', 'k-pop boy group', 'pop']"
453,06L1apH8kLF47dbhZ4Zg9A,7cVZApDoQZpS447nHTsNqu,['k-pop']
454,5dntGTbUtmUO239wQ0k3yM,6iVo62B0bdTknRcrktCmak,['k-pop']
455,3witRpHWHqArlnt6GTlH2Y,1AhjOkOLkbHUfcHDSErXQs,['asian american hip hop']
456,0YAMQSmHk6BSUGTYpaoqTJ,7k73EtZwoPs516ZxE72KsO,"['j-pop', 'j-rock', 'japanese emo']"
457,4hPpVbbakQNv8YTHYaOJP4,64KEffDW9EtZ1y2vBYgq8T,"['brostep', 'edm', 'pop', 'progressive electro house']"
458,3zQyl7ko8alM35mvYWmHuu,1z4g3DjTBBZKhvAroFlhOM,"['k-pop', 'k-pop girl group']"
459,1AToLLvWghQgiBFef1iGuR,7bmYpVgQub656uNTu6qGNQ,"['k-pop', 'korean talent show']"
460,4IIzisEAQJ0pDkvHChn9O4,5TnQc2N1iKlFjYD7CPGvFc,"['k-pop', 'k-pop boy group']"
461,5gA9Xn8oPts2aewPgxVkPD,6MoXcK2GyGg7FIyxPU5yW6,['k-pop']
462,1Av69kr9JitqPWo7WJLS5q,4qIVPF0s71ZYW3qzhu5GkF,['sad lo-fi']
463,4wOXx92SlZWxNtuBytlMsK,1BhWF9W2PngtPSyobKg0rP,"['dance pop', 'pop', 'post-teen pop']"
464,6L5DNhZEY4Zd2mGof2ZBIa,2hcsKca6hCfFMwwdbFvenJ,"['k-pop', 'k-pop boy group']"
465,6ss8qcfdUyoNlPeXpUFCQA,4YJkA3YshwZ8FwljpMW0II,"['lo-fi chill', 'sad lo-fi']"
466,1ZpiUfzl9P0pMkA03xqmUy,7nqOGRxlXj7N2JYbgNEjYH,"['k-pop', 'k-pop boy group']"
467,5xTy9p0IXI8lRaU6iLGikC,6Xg22wJOAcnvPUfk5WvODH,['k-pop']
468,52CBUrIdyf8tbZaUY9iawE,73B9bjqS2Z5KLXNGqXf64m,['k-pop']
469,0JPyJEA13qkSemzWS3tOs1,7nqOGRxlXj7N2JYbgNEjYH,"['k-pop', 'k-pop boy group']"
470,4sHjA9mrxPE5J58LkJyPDO,5rSXSAkZ67PYJSvpUpkOr7,"['boy band', 'dance pop', 'pop']"
471,2CJLlufFBZPY0tsAaAGHSw,4fgfmrBHIWsUuHxeOPhv61,['korean pop']
472,18UsAG7SfOQ5sxJEdjAMH0,3mIj9lX2MWuHmhNCA7LSCW,"['modern alternative rock', 'modern rock', 'pop', 'pov: indie', 'rock']"
473,4zXRMjTaeflesB3Ih4eHnJ,7k73EtZwoPs516ZxE72KsO,"['j-pop', 'j-rock', 'japanese emo']"
474,4MloswMM3eu7dHZ7MOzW3i,7qG3b048QCHVRO5Pv1T5lw,"['dance pop', 'latin pop', 'mexican pop']"
475,03UrZgTINDqvnUMbbIMhql,2dd5mrQZvg6SmahdgVKDzh,"['k-rap', 'korean old school hip hop']"
476,3NkJNL3WqO1Lqc3uNDxvCN,66CXWjxzNUsdJxJ2JdwvnR,['pop']
477,7ECDcSJhoTuMkU5kJ3ueDr,05CiAVkMZnYjbCTebMH2pD,[]
478,3YtIeHuvBXkJAyv3twOYCC,7nqOGRxlXj7N2JYbgNEjYH,"['k-pop', 'k-pop boy group']"
479,5NORWMFC27ywGSZxi8uquP,16oZKvXb6WkQlVAjwo2Wbg,"['folk-pop', 'modern rock', 'neo mellow', 'stomp and holler']"
480,3k5K4QlbGL5TDWynFI5fE2,7k73EtZwoPs516ZxE72KsO,"['j-pop', 'j-rock', 'japanese emo']"
481,4lLtanYk6tkMvooU0tWzG8,0du5cEVh5yTK9QJze8zA0C,"['dance pop', 'pop']"
482,0koVWDcbAH9dJXOsOcaohF,3EOEK57CV77D4ovYVcmiyt,['israeli pop']
483,0RhbQOahoOBgBE7Qx4AoSy,1z4g3DjTBBZKhvAroFlhOM,"['k-pop', 'k-pop girl group']"
484,5DkbhhLVJIpUXgp1S4mSv7,2Ij53aFHI9y82jbu3YhziY,[]
485,2CSRrnOEELmhpq8iaAi9cd,7tYKF4w9nC0nq9CsPZTHyP,"['pop', 'r&b', 'rap']"
486,48XfojJC87VKLlUotYV0Gm,3Nrfpe0tUJi4K4DXYWgMUX,"['k-pop', 'k-pop boy group', 'pop']"
487,0cj2joJcY6b4XSRfj2eZOl,4dpARuHxo51G3z768sgnrY,"['british soul', 'pop', 'pop soul', 'uk pop']"
488,0KHCa8hM5Jff6Ji0JxQYMb,2dIgFjalVxs4ThymZ67YCE,"['k-pop', 'k-pop boy group', 'pop']"
489,2zbiY3YgPkqdZFoNQGS0Rp,2OqTX6uyzll0y3ydeccZGR,['broadway']
490,0hZs9kWnaewkXEufPYjbvf,3ZZzT0naD25RhY2uZvIKkJ,"['k-pop', 'k-pop girl group']"
491,6koMMQlsRWBwHZXdtWxgUk,1z4g3DjTBBZKhvAroFlhOM,"['k-pop', 'k-pop girl group']"
492,1w7Xbv3It3oI7dz4OrKazn,7nqOGRxlXj7N2JYbgNEjYH,"['k-pop', 'k-pop boy group']"
493,54s6sdPuMjVtdB5d5KFzTC,3Nrfpe0tUJi4K4DXYWgMUX,"['k-pop', 'k-pop boy group', 'pop']"
494,6laJrwQiRDKqyOmURCra8o,7nqOGRxlXj7N2JYbgNEjYH,"['k-pop', 'k-pop boy group']"
495,3b7OgfU9SY8C7YBJgTKS74,2hcsKca6hCfFMwwdbFvenJ,"['k-pop', 'k-pop boy group']"
496,6OJPvzQZWlcFmmVFyr0Dsq,7k73EtZwoPs516ZxE72KsO,"['j-pop', 'j-rock', 'japanese emo']"
497,2NvrIHgujKttUQyx2uUMY9,7nqOGRxlXj7N2JYbgNEjYH,"['k-pop', 'k-pop boy group']"
498,0olEV0xHPcpVOPZfg4MSgR,4xnihxcoXWK3UqryOSnbw5,['alt z']
499,0GONea6G2XdnHWjNZd6zt3,3Z02hBLubJxuFJfhacLSDc,"['canadian pop', 'canadian singer-songwriter', 'classic canadian rock', 'heartland rock', 'mellow gold', 'soft rock']"
500,4mNGNMcsoMS6F9SGycmHWM,0z4gvV4rjIZ9wHck67ucSV,['dance pop']
501,5t6ETmHahIdSZCdnM0cSF2,1sjw4xq2pAWy5Vdgba5QAt,['k-pop']
502,0t3ZvGKlmYmVsDzBJAXK8C,246dkjvS1zLTtiykXe5h60,"['dfw rap', 'melodic rap', 'pop', 'rap']"
503,0fSuP4hMUK1CqDAYV62BHF,38Gn0ZVC8TQwuaMxBK1yRV,[]
504,2QeqvHnADmf2fN5sowptuO,7nqOGRxlXj7N2JYbgNEjYH,"['k-pop', 'k-pop boy group']"
505,26nqNagc6dINfNM2ZKmoa0,1BhWF9W2PngtPSyobKg0rP,"['dance pop', 'pop', 'post-teen pop']"
506,0c2wKRwXpqSCBrAImEFCNf,1z4g3DjTBBZKhvAroFlhOM,"['k-pop', 'k-pop girl group']"
507,6QPa2ZmJsYLzTrQjG5FZIn,7bmYpVgQub656uNTu6qGNQ,"['k-pop', 'korean talent show']"
508,7cbZIBLhfD9taMBgEsIhIp,7nqOGRxlXj7N2JYbgNEjYH,"['k-pop', 'k-pop boy group']"
509,0zLK4Z6jlrZlHdYBcMl9iO,09O5HSw8RO3aAnWNCADaKS,['bedroom r&b']
510,2TwB7aK39tnZBQjBPgcbCj,6nWKAdMv1BDq1zHfZzkdbR,['k-pop']
511,0ClPIeT6MSgfSgQ9ZrJbAq,6VuMaDnrHyPL1p4EHjYLi7,"['pop', 'viral pop']"
512,3LCwQoTrdQgHsGJE5gGVqx,6uNxlIP5lzPFf0BHuELOuX,['k-pop']
513,27mR5mTefTYVUTL4jLJDAO,1HlyA7Fg1HymDUmG0xaB13,['bedroom r&b']
514,44ngiCPfS8FfdJOqN0eULl,5ZsFI1h6hIdQRw2ti0hz81,"['pop', 'uk pop']"
515,37LhFxchiyAJVop5JgRZgY,0FRUZvZNPzM3YJMABJxf2K,"['k-pop', 'korean pop']"
516,1JIWyERVO0MWPBC5W7OF2Q,3mIj9lX2MWuHmhNCA7LSCW,"['modern alternative rock', 'modern rock', 'pop', 'pov: indie', 'rock']"
517,2PVzGmdezOMtKi0l8c3On3,38Gn0ZVC8TQwuaMxBK1yRV,[]
518,4e976XuKarIfZAa9RIaaZG,4owATw6JCMuUxeWdh3eiyg,"['lo-fi chill', 'sad lo-fi']"
519,5Zt86CL16kbPvuwcmHMEg8,7nqOGRxlXj7N2JYbgNEjYH,"['k-pop', 'k-pop boy group']"
520,355LkW7j9XI7xNYIf9RARD,4ezpY3tmP9KtaOOnWpDmIp,"['korean ost', 'korean pop']"
521,4jxwrBL0MEdMje0EbEMVHL,2hcsKca6hCfFMwwdbFvenJ,"['k-pop', 'k-pop boy group']"
522,6dPzi41DQDgzsPJDFffbJO,3sxWOFw4MSN54SIQ8np6iG,"['k-pop', 'k-pop boy group']"
523,6I2tqFhk8tq69iursYxuxd,7nqOGRxlXj7N2JYbgNEjYH,"['k-pop', 'k-pop boy group']"
524,1PQVFNxs6muXAJZRvt7YyT,1MQ48GaF9nanTisRGu3Mtl,['otacore']
525,1oew3nFNY3vMacJAsvry0S,0kkxsdcaWmWU2yWAqclDh4,"['pop', 'post-teen pop']"
526,0tMSssfxAL2oV8Vri0mFHE,6qqNVTkY8uBg9cP3Jd7DAH,"['art pop', 'electropop', 'pop']"
527,42tFTth2jcF7iSo0RBjfJF,1z4g3DjTBBZKhvAroFlhOM,"['k-pop', 'k-pop girl group']"
528,5AkyvofVWUqds8x1HHgDU9,4qRXrzUmdy3p33lgvJEzdv,['korean pop']
529,7FZjVItt5HfrfcdFVJyY4v,4Kxlr1PRlDKEB0ekOCyHgX,"['k-pop', 'k-pop boy group']"
530,6b2RcmUt1g9N9mQ3CbjX2Y,2wY79sveU1sp5g7SokKOiI,"['pop', 'uk pop']"
531,023WADifPh2TEMjwoQkrbF,2hcsKca6hCfFMwwdbFvenJ,"['k-pop', 'k-pop boy group']"
532,6oYkwjI1TKP9D0Y9II1GT7,6Id8rcDNyBXPcgKQVfQ8rX,['movie tunes']
533,161DnLWsx1i3u1JT05lzqU,0du5cEVh5yTK9QJze8zA0C,"['dance pop', 'pop']"
534,4KE91Xg3FL51yMhnpSqRvE,43oBGBlKaDxrti8m7QiQrC,[]
535,2Z8yfpFX0ZMavHkcIeHiO1,7n2wHs1TKAczGzO7Dd2rGr,"['canadian pop', 'pop', 'viral pop']"
536,7mfXzDxBNFXS7JscBnWf9j,0kX41bvrBQtgqSEXbmTzMN,['game mood']
537,1tcoNYqpAYXbSGMlNUl0eE,06HL4z0CvFAxyc27GXpf02,['pop']
538,3Kw7zkALCVxY4wmlnh2IWC,4GJ6xDCF5jaUqD6avOuQT6,['k-pop girl group']
539,5ln5yQdUywVbf8HhFsOcd6,26VFTg2z8YR0cCuwLzESi2,"['electropop', 'etherpop', 'indie poptimism', 'pop']"
540,3sP3c86WFjOzHHnbhhZcLA,6S2OmqARrzebs0tKUEyXyp,"['pop', 'post-teen pop']"
541,5SDcksP8En1l6RtTY1wzHc,74cb3MG0x0BOnYNW1uXYnM,"['ccm', 'christian music', 'world worship', 'worship']"
542,5GKwq4sO5ZHKuWaDmdwMQc,1z4g3DjTBBZKhvAroFlhOM,"['k-pop', 'k-pop girl group']"
543,6qn9YLKt13AGvpq9jfO8py,5pKCCKE2ajJHZ9KAiaK11H,"['barbadian pop', 'pop', 'urban contemporary']"
544,0R4i9qbhgNQjJt5tGFbslP,0SA2I3s4t7hmv1XVvky9Po,['korean singer-songwriter']
545,0ZeGfEAL5Rl4pd5LZBGuEK,7bmYpVgQub656uNTu6qGNQ,"['k-pop', 'korean talent show']"
546,4PvVKyqJ6pLVi5HKpAjTPc,7cVZApDoQZpS447nHTsNqu,['k-pop']
547,5os4iDInR4chqaCdXi895k,0MeLMJJcouYXCymQSHPn8g,"['ambient worship', 'chamber pop']"
548,6SpPr7K4YQ2wp8jU6uOTmQ,1z4g3DjTBBZKhvAroFlhOM,"['k-pop', 'k-pop girl group']"
549,0KmgJyW4GDgonqsoyx0CZ3,4Uc8Dsxct0oMqx0P6i60ea,"['bedroom pop', 'pop', 'pov: indie']"
550,4YY4hc7Lr7y5QsTdmkm31r,7nqOGRxlXj7N2JYbgNEjYH,"['k-pop', 'k-pop boy group']"
551,0K2UTvyyBPSmr0IccCWNZm,1BEohdSWSBggmO979tzRwW,"['k-pop', 'k-pop girl group']"
552,3IW5rhsRBxstifAnjQyUI9,0siBQaURCli5wn2lqv8WZg,['korean r&b']
553,4ecRXFkkrRXN4nZm1DYMLa,1EevBGfUh3RSQSGpluxgBm,"['american folk revival', 'folk', 'folk rock', 'singer-songwriter']"
554,6kls8cSlUyHW2BUOkDJIZE,0X2BH1fck6amBIoJhDVmmJ,"['indietronica', 'metropopolis', 'pop', 'uk pop']"
555,2XpmzywSGH1OILU0mxSHBy,3pc0bOVB5whxmD50W79wwO,['chill r&b']
556,5IicbyTs62eqxLNGeBjaoa,1sVSMPPNMMSZ7cQNfbvMOe,"['k-pop', 'korean pop', 'korean singer-songwriter']"
557,1H3Okhf16ttAICZF7zgDko,26VFTg2z8YR0cCuwLzESi2,"['electropop', 'etherpop', 'indie poptimism', 'pop']"
558,7ce20yLkzuXXLUhzIDoZih,4GNC7GD6oZMSxPGyXy4MNB,"['pop', 'uk pop']"
559,6jESgDdTQHQ89nZS5dSPvl,7aVeZFWXIC3g4b0Tn68ZtI,['korean singer-songwriter']
560,6HQAKcx8yGddeLBMkUQPyi,1dOMFM5wDNsENQQW0nl0K8,['korean pop']
561,77SUKLGcE3JDD5qGPBOn2O,2hcsKca6hCfFMwwdbFvenJ,"['k-pop', 'k-pop boy group']"
562,373q2bp4ZvyJ9kFZcpJSMs,5JZ7CnR6gTvEMKX4g70Amv,['pop']
563,3h34cQPPddk4x9cluPIAvv,5TnQc2N1iKlFjYD7CPGvFc,"['k-pop', 'k-pop boy group']"
564,2jTidefcsTu6VQhpIImJrt,4BxCuXFJrSWGi1KHcVqaU4,"['irish pop', 'modern rock']"
565,3i4jlS5TlVjRovgq1ENgaJ,1ZfTuv9XlWT2CaIsIZPm52,[]
566,0BpyPRt8HfEXkBxItw1ILt,3ZxZ03fj3tXBZHZWzvaLSM,"['desi pop', 'filmi', 'modern bollywood']"
567,7CoMBpPTwQi2wPT0U0Nr9b,0rZp7G3gIH6WkyeXbrZnGi,"['ambient folk', 'indie folk']"
568,6G61EqJgoEJhWaBT34jMyW,06HL4z0CvFAxyc27GXpf02,['pop']
569,5TyCTVsBsHeeutZcU2uP5s,7nqOGRxlXj7N2JYbgNEjYH,"['k-pop', 'k-pop boy group']"
570,1doDUiGBnzCvo5VCUq59L1,0BOqSj7jZIVAyQXmpKRcmJ,[]
571,0uIw1c0E2nyFWWwEVzhl30,7nqOGRxlXj7N2JYbgNEjYH,"['k-pop', 'k-pop boy group']"
572,5OWZ4qbW7bYQTGIKRbSvxA,6DIS6PRrLS3wbnZsf7vYic,"['dance rock', 'modern rock', 'pop']"
573,0FHQWcA3GsFzEINMJ7AfBO,6O74knDqdv3XaWtkII7Xjp,"['boy band', 'contemporary r&b', 'new jack swing', 'r&b', 'urban contemporary']"
574,01bnqaE6nQogjdMMrrL1dj,7nqOGRxlXj7N2JYbgNEjYH,"['k-pop', 'k-pop boy group']"
575,2gvlPqqngL3BppFCwLXnVc,1z4g3DjTBBZKhvAroFlhOM,"['k-pop', 'k-pop girl group']"
576,0FF1qj8n4vZEzY54Kt5qh1,3cjEqqelV9zb4BYE3qDQ4O,"['k-pop', 'k-pop boy group']"
577,33XtT97olk3ks2rZC1lMZ7,1sgkTCF42JGJUIaBP68n6H,['classic korean pop']
578,7neOIVKDsLaUXV5y84jGuY,1dOMFM5wDNsENQQW0nl0K8,['korean pop']
579,769ytfrvUiz4TbFspw90Ne,2hcsKca6hCfFMwwdbFvenJ,"['k-pop', 'k-pop boy group']"
580,0TCt7OFRdD8PQ6vTRQxNgQ,2LJxr7Pt3JnP60eLxwbDOu,"['dance pop', 'neo mellow', 'post-teen pop']"
581,3fqBhOtYA62A5D20j8OaQY,49jTY62Cpw3RYo4dLuG43W,"['irish pop', 'singer-songwriter pop']"
582,2wwJCSvJqie2lUF9W7bJuJ,0hRHbwZ0xSwfVHl4FTv7jq,"['k-pop', 'korean pop']"
583,1xST3EcfCfkhoSVqLTzNo6,5W3ySKM4S8KrEyaLPZhMPN,['slowed and reverb']
584,3SfbB0Y3saMIQnNctxMVhj,3b4kLCI0ZJW47TFsNRqgCb,['k-pop']
585,6wJYhPfqk3KGhHRG76WzOh,5zctI4wO9XSKS8XwcnqEHk,"['melodic rap', 'rap conscient']"
586,4dwkFGcDNIuGyqFeDWIqqk,2hcsKca6hCfFMwwdbFvenJ,"['k-pop', 'k-pop boy group']"
587,76DhGlPaJ112MHVs1PJMyX,1z4g3DjTBBZKhvAroFlhOM,"['k-pop', 'k-pop girl group']"
588,3kBfE92drjZEgYffx22zbl,4DqFd6XE3dX4LWXHJVVpLk,[]
589,1ZMiCix7XSAbfAJlEZWMCp,6KImCVD70vtIoJWnq6nGn3,['pop']
590,7ivYWXqrPLs66YwakDuSim,3pc0bOVB5whxmD50W79wwO,['chill r&b']
591,2Q4D2Pz1HDt1x4NukBID5Q,7nqOGRxlXj7N2JYbgNEjYH,"['k-pop', 'k-pop boy group']"
592,106XkdSFSXYNhzXRSEFc1m,7snhzmuew8iLEDxMIhOU1P,['desi pop']
593,0y2tNViyMIGWO0vhNVQaj7,5vGoWnZO65NBgiZYBmi3iW,['k-pop']
594,6tAPw1Rtt3SGEOm6ohYi8l,1uAT5bTSp6dWbNmixIUP5t,['k-pop']
595,6jZp2rNTYVlKwt20aMIcot,7k73EtZwoPs516ZxE72KsO,"['j-pop', 'j-rock', 'japanese emo']"
596,0HYAsQwJIO6FLqpyTeD3l6,6bDWAcdtVR3WHz2xtiIPUi,['japanese teen pop']
597,2vZZljISFmbnd2SlMBdEAH,5xhVZ42ABidt3DS9HJ5Uzm,['korean ost']
598,0pINNLkEkLaZnnugOPnoX3,5na1LmEmK2VzNLje9snJYW,"['k-pop', 'k-pop boy group']"
599,2gSQoIbvF2hDfIayhF7QLa,7k73EtZwoPs516ZxE72KsO,"['j-pop', 'j-rock', 'japanese emo']"
600,1RbbLe9tPLPqvjXGeenfSC,5Rl15oVamLq7FbSb0NNBNy,"['boy band', 'pop']"
601,4bhF4bDDKQuU5suV2EpQVH,2WROyFfIOmKtRopsTrIL52,"['channel pop', 'viral pop']"
602,2wj2Mh7Zmp036eH1aY6nAW,68KmkJeZGfwe1OUaivBa2L,"['k-pop', 'k-pop boy group']"
603,4pi0Elz7B7cLfw37J3bYm9,3cjEqqelV9zb4BYE3qDQ4O,"['k-pop', 'k-pop boy group']"
604,1daDRI9ahBonbWD8YcxOIB,5YGY8feqx7naU7z4HrwZM6,['pop']
605,18uwL0vNUanqZH0ro2QcOP,3gIRvgZssIb9aiirIg0nI3,"['alt z', 'electropop', 'pop']"
606,4RmEqYXrb89Mlwzm2p6Wyd,1z4g3DjTBBZKhvAroFlhOM,"['k-pop', 'k-pop girl group']"
607,4rChXUoYp281MB2tPL4vMm,5TnQc2N1iKlFjYD7CPGvFc,"['k-pop', 'k-pop boy group']"
608,6SghBI1kud4USU9UAJkWR9,1l8Fu6IkuTP0U5QetQJ5Xt,"['girl group', 'pop', 'talent show']"
609,31qCy5ZaophVA81wtlwLc4,1uNFoZAHBGtllmzznpCI3s,"['canadian pop', 'pop']"
610,3Y4SnP9NDIjEj69mMY4NVp,5TnQc2N1iKlFjYD7CPGvFc,"['k-pop', 'k-pop boy group']"
611,55O6VTMu7byEcfXScGWoUH,2l9aF9jOgB7GI1uyNkx836,"['k-pop', 'korean ost']"
612,0Q3jiHxV8nefT8de4eO0Uq,5snNHNlYT2UrtZo5HCJkiw,"['k-pop', 'k-rap', 'korean old school hip hop']"
613,2gtOPcSmZdp98pZgsfDN87,7mFGOWJEkdlJBCXcJ5EWi9,"['korean pop', 'korean r&b']"
614,5Jl2i6LR3Socm4TYqRzZw3,68KmkJeZGfwe1OUaivBa2L,"['k-pop', 'k-pop boy group']"
615,5NSPsOGVNWYOMeeyZPF7HY,6wPBIyIIMxoqgux29bGF8I,"['k-pop', 'k-pop boy group']"
616,3dBnKADF2MmLXM9IopV9Bt,19jx3wc1iRshvEKMvzZc1X,"['desi hip hop', 'goa hip hop']"
617,4bT2zLVv2T4GiK9q9KtI0v,2qxJFvFYMEDqd7ui6kSAcq,"['complextro', 'edm', 'german techno', 'pop', 'pop dance']"
618,3ZqTMZf7hdBRCpvu3xwi3Q,2jnIB6XdLvnJUeNTy5A0J2,"['boy band', 'pop']"
619,4HBZA5flZLE435QTztThqH,66CXWjxzNUsdJxJ2JdwvnR,['pop']
620,4jAh51yhz3LUtbm1p7vOfY,7G1kUsPtQCdolV6CPwHmh2,['korean talent show']
621,0lbe1bIqb5rR1czdQP6fTK,4o0mCeiUIVdknPUMhpO0bd,"['hindi indie', 'indian indie']"
622,21CJvM7HXrI80aDHz2MES4,2hcsKca6hCfFMwwdbFvenJ,"['k-pop', 'k-pop boy group']"
623,3qonjOrhFCfTnaaMruHzxW,6VuMaDnrHyPL1p4EHjYLi7,"['pop', 'viral pop']"
624,2dHHgzDwk4BJdRwy9uXhTO,0iEtIxbK0KxaSlF7G42ZOp,['rap']
625,5ubfQzhabDSLYyohz2ozaN,1z4g3DjTBBZKhvAroFlhOM,"['k-pop', 'k-pop girl group']"
626,7cjojsJwncbiCI0rqOOf9j,1gBUSTR3TyDdTVFIaQnc02,"['k-pop', 'k-pop boy group']"
627,6kxaaIeowajN7w21PfMLbu,26VFTg2z8YR0cCuwLzESi2,"['electropop', 'etherpop', 'indie poptimism', 'pop']"
628,7kWHoZvIn3TzxUHYrszYFc,6C7CCNJVIGEla8AI1LuBxI,['singer-songwriter pop']
629,727Z2S2mtNH46CbP9EWPwY,7q7IUe2AqtifSZ2q52kHFc,['singer-songwriter pop']
630,4aCHGSrl1A7aZDncD9keP4,7DxCK6bwfQC3F2ajZ02R2F,['k-pop']
631,0c0uFehhA1ekbQmqZ0HKeb,1ZwhhTSUPr7EBZHd1GjOT7,['gen z singer-songwriter']
632,1bQhZOoXYqjXs7u7rFXo0h,0B3N0ZINFWvizfa8bKiz4v,['british singer-songwriter']
633,53bCcVMGv0S2aIYvfju2Tt,6d4jrmreCmsenscuieJERc,"['hopebeat', 'pov: indie']"
634,2GpBrAoCwt48fxjgjlzMd4,0ECwFtbIWEVNwjlrfc6xoL,"['album rock', 'classic rock', 'heartland rock', 'mellow gold', 'rock', 'soft rock', 'yacht rock']"
635,6YKCEtfZXXyionWJPtT5jb,4TnGh5PKbSjpYqpIdlW5nz,"['k-pop', 'k-pop boy group']"
636,5vdqSjUj9JZsAHdr02Vygk,1z4g3DjTBBZKhvAroFlhOM,"['k-pop', 'k-pop girl group']"
637,2qQpFbqqkLOGySgNK8wBXt,7n2Ycct7Beij7Dj7meI4X0,"['k-pop', 'k-pop girl group', 'pop']"
638,2iObjOsy2vpsariW4Y7hQg,0Yr4BBpK2dkCp2UsrJ9LZN,['melodic rap']
639,1IjWbIMe1uXqp9tDfC3QLL,2p48L95TwEaYkSdn6R7LOr,['k-pop']
640,35jvwACXmrreYIEOAGc2Kr,7nqOGRxlXj7N2JYbgNEjYH,"['k-pop', 'k-pop boy group']"
641,779UN3kabApm2zfqX549vf,4xnihxcoXWK3UqryOSnbw5,['alt z']
642,49rRoH4DZcUlbeBQlDgN8c,5TnQc2N1iKlFjYD7CPGvFc,"['k-pop', 'k-pop boy group']"
643,2V65y3PX4DkRhy1djlxd9p,1h6Cn3P4NGzXbaXidqURXs,"['edm', 'pop dance', 'progressive electro house']"
644,27s15aCXPBi7RWlATpuLz6,7zMVPOJPs5jgU8NorRxqJe,"['boy band', 'danish pop rock']"
645,2Sjx8DWZO5zaTyTAmgo2gY,7tYKF4w9nC0nq9CsPZTHyP,"['pop', 'r&b', 'rap']"
646,347PJwH4XqRbeaKaIW9sX3,3rHcBT06Vb1XGVUWhDALZt,[]
647,1vVxZWn3OeYOGdY6aHJtmu,3t46Q3kFpBlN8nD75ypsMj,"['background music', 'focus']"
648,0TEekvXTomKt3hdXDZxxeW,163tK9Wjr9P9DmM0AVK7lm,"['art pop', 'metropopolis', 'nz pop', 'pop']"
649,7mFigNlS2dsKMhcmJyfpeg,3ErHVJMsxTq2lLSmnONBm9,"['k-pop', 'korean pop']"
650,6Gy3MOuOWPNs3nEorpdx5F,4xnihxcoXWK3UqryOSnbw5,['alt z']
651,62ke5zFUJN6RvtXZgVH0F8,4fwuXg6XQHfdlOdmw36OHa,"['british soul', 'talent show']"
652,3ISzVUexHvLhec3FYXGufk,7McwKT2tZl8LMXUQRH3YDM,['k-rap']
653,61RWlWnaIKrOBnmjdQgFOH,7bmYpVgQub656uNTu6qGNQ,"['k-pop', 'korean talent show']"
654,3RyK84tUGz7qYtXIiEC95m,7nqOGRxlXj7N2JYbgNEjYH,"['k-pop', 'k-pop boy group']"
655,3MkYUoEo1Yk1peHN4cof0c,4k5fFEYgkWYrYvtOK3zVBl,['k-pop']
656,23DbzwNJSLo7nkSWjODMvY,0blbVefuxOGltDBa00dspv,"['anime', 'anime rock', 'j-pixie', 'j-pop']"
657,54SuHqxVjZVNDyIUVpSgpJ,5na1LmEmK2VzNLje9snJYW,"['k-pop', 'k-pop boy group']"
658,4U45aEWtQhrm8A5mxPaFZ7,6zFYqv1mOsgBRQbae3JJ9e,"['album rock', 'classic rock', 'heartland rock', 'mellow gold', 'piano rock', 'rock', 'singer-songwriter', 'soft rock']"
659,6vo0dV9t7PCQZKsLFwVwZ5,7nqOGRxlXj7N2JYbgNEjYH,"['k-pop', 'k-pop boy group']"
660,1Eb90nmqTrxylKFhcUzW8P,3Z02hBLubJxuFJfhacLSDc,"['canadian pop', 'canadian singer-songwriter', 'classic canadian rock', 'heartland rock', 'mellow gold', 'soft rock']"
661,73szhI6oOawKlv6AxgHIS8,4Kxlr1PRlDKEB0ekOCyHgX,"['k-pop', 'k-pop boy group']"
662,4FXKLGkXw4v5Kw3pEWCTYV,4DqFd6XE3dX4LWXHJVVpLk,[]
663,5274I4mUMnYczyeXkGDWZN,1RyvyyTE3xzB2ZywiAwp0i,"['atl hip hop', 'hip hop', 'rap', 'southern hip hop', 'trap']"
664,3Z2gsW9I3oz3fYNSCqprOV,4owATw6JCMuUxeWdh3eiyg,"['lo-fi chill', 'sad lo-fi']"
665,1AWXiUQjoQfcmqaBEtaOoL,7t0rwkOPGlDPEhaOcVtOt9,"['irish rock', 'pop rock', 'rock']"
666,2TENPSXQkWNgEFxmi4PRWE,5BHFSMEjfLVx1JwRWjAOsE,['k-pop']
667,20P63hWk0IbeVeJzJIponI,0Sadg1vgvaPqGTOjxu0N6c,"['k-pop', 'k-pop girl group']"
668,6CdUgvL597jWmW4w8P5kHs,3qNVuliS40BLgXGxhdBdqu,['k-pop']
669,3aU6rlTH4Py7VEHCzSfccg,7mFGOWJEkdlJBCXcJ5EWi9,"['korean pop', 'korean r&b']"
670,3nw9J97nUugT84SIJdjhAV,7bXgB6jMjp9ATFy66eO08Z,"['r&b', 'rap']"
671,41zXlQxzTi6cGAjpOXyLYH,6qqNVTkY8uBg9cP3Jd7DAH,"['art pop', 'electropop', 'pop']"
672,6tqzOYuE3lrNVPDgtF3MjM,46CitWgnWrvF9t70C2p1Me,['shimmer pop']
673,6tCssnvTUREcperDOUTqvA,2KC9Qb60EaY0kW4eH68vr3,"['k-pop', 'k-pop girl group']"
674,44tTqUi3xi7E28QLzHVdUA,0ghlgldX5Dd6720Q3qFyQB,"['k-pop', 'k-pop boy group']"
675,3mhnKSz9NzYuCR67gXIVEJ,7nqOGRxlXj7N2JYbgNEjYH,"['k-pop', 'k-pop boy group']"
676,1OBK4DltPHWoeilauCyckU,11p2E654TTU8e0nZWBR4AL,['singer-songwriter pop']
677,0cJTjTH3XVTTJh8F4Uq1db,4o0mCeiUIVdknPUMhpO0bd,"['hindi indie', 'indian indie']"
678,3SrSjUKxAJ6Cq1vpe1mqCZ,4xnihxcoXWK3UqryOSnbw5,['alt z']
679,3VSYkAf6f46i5ZkXOHORq1,1QAJqy2dA3ihHBFIHRphZj,"['ambient pop', 'dream pop', 'el paso indie', 'shoegaze']"
680,2pyLeLeLqb1BnSv34vPlrX,2hcsKca6hCfFMwwdbFvenJ,"['k-pop', 'k-pop boy group']"
681,0STK94RxUulYqWzwFlyAb5,6S2OmqARrzebs0tKUEyXyp,"['pop', 'post-teen pop']"
682,5x5JM1BSB6vollcIzDocqT,5YGY8feqx7naU7z4HrwZM6,['pop']
683,4SqWKzw0CbA05TGszDgMlc,027TpXKGwdXP7iwbjUSpV8,"['chicago indie', 'pov: indie']"
684,5cAokEuetqzaLMxhtQl4h2,25uiPmTg16RbhZWAqwLBy5,"['art pop', 'candy pop', 'metropopolis', 'pop', 'uk pop']"
685,3AzjcOeAmA57TIOr9zF1ZW,6M2wZ9GZgrQXHCFfjv46we,"['dance pop', 'pop', 'uk pop']"
686,1KXNWNBTmdKB97kdo6vI4i,1z4g3DjTBBZKhvAroFlhOM,"['k-pop', 'k-pop girl group']"
687,7BWvtYsoM6KzgsXXVpYPqA,1qOPo6b0U3t7BpyO8Ti1MF,['korean r&b']
688,3hm4axDodp2jFEDohQfXxV,1sjw4xq2pAWy5Vdgba5QAt,['k-pop']
689,7slfeXbuzr9RYXX6XS6Npi,4GNC7GD6oZMSxPGyXy4MNB,"['pop', 'uk pop']"
690,2EJbMzocEZ6VHnZKQ8pt8H,2AfmfGFbe0A0WsTYm0SDTx,"['k-pop', 'k-pop girl group']"
691,2SHsNfrHj4iDOVJuDwclPd,4o7tWrzQOqarDtTMWD2HV9,"['chinese electropop', 'chinese idol pop', 'k-pop']"
692,2fvObZjCzCF57MKmn1ePPO,0ecbvwhuhiEAWOLHlRXpqD,['glam metal']
693,74ofPe4D7s8ajM7A7haPYE,0jzaoSt5gOC04OWBqN78VS,"['bubblegrunge', 'louisville indie', 'small room']"
694,2beBdwV1Y5PtWxDk1GgAZ6,1EevBGfUh3RSQSGpluxgBm,"['american folk revival', 'folk', 'folk rock', 'singer-songwriter']"
695,68RI4I6SKm57SxjG06OYvN,15S89CUJtshT2P7WIa2M5l,['irish indie']
696,7rV8dlbAAj4pLdrfmgb4Jb,6n1pH8SgKcxx6dILhKqYFb,[]
697,1afEbbD4hZvdA5orDq1sPj,7nqOGRxlXj7N2JYbgNEjYH,"['k-pop', 'k-pop boy group']"
698,7eCpXVlWnTVEE8twb3P8m5,0HJsX1aTdgG1VDIRDiseSJ,['alt z']
699,33E2h4fKrOiHlN3b5JHjmq,6nAVJkZZ55jorZmO5bpezv,"['filmi', 'modern bollywood']"
700,1wtOxkiel43cVs0Yux5Q4h,06HL4z0CvFAxyc27GXpf02,['pop']
701,7iPlcFvOMOzt6v0QvcAueZ,3mIj9lX2MWuHmhNCA7LSCW,"['modern alternative rock', 'modern rock', 'pop', 'pov: indie', 'rock']"
702,0Ebot4LzRKFpNmlW0gkqe6,2hcsKca6hCfFMwwdbFvenJ,"['k-pop', 'k-pop boy group']"
703,57ITlzpnOMkSE6oHGbvTqi,1uAT5bTSp6dWbNmixIUP5t,['k-pop']
704,0LRTAhiw2wXDjrqhbwM277,6V6tXjpP0VKzflWV1OvgwS,[]
705,1SJ4D06KVt9JygZ68vyjkj,1Gt39QnTBTndeyiJ5SO04q,['background music']
